Level,Department_Code,Department_Name,Agency_Code,Agency_Name,Sub_Agency_Code,Sub_Agency_Name,House,Increase,Decrease,Net,Senate
Summary,,PROGRAMMED_APPROPRIATIONS,,,,,4402808041,358626590,-358626590,0,4402808041
Summary,,Departments,,,,,3702417193,283089007,-277589695,5499312,3707916505
Summary,,Special_Purpose_Funds,,,,,700390848,75537583,-81036895,-5499312,694891536
Summary,,UNPROGRAMMED_APPROPRIATIONS,,,,,243222549,4237261,-72904270,-68667009,174555540
Summary,,TOTAL_NEW_APPROPRIATIONS,,,,,4646030590,362863851,-431530860,-68667009,4577363581
Department,I.,CONGRESS OF THE PHILIPPINES,,,,,37196133,1404079,0,1404079,38600212
Agency,I.,CONGRESS OF THE PHILIPPINES,A.,Senate,,,7520988,1051000,0,1051000,8571988
Agency,I.,CONGRESS OF THE PHILIPPINES,B.,Senate Electoral Tribunal,,,329888,60000,0,60000,389888
Agency,I.,CONGRESS OF THE PHILIPPINES,C.,Commission on Appointments,,,1387177,293079,0,293079,1680256
Agency,I.,CONGRESS OF THE PHILIPPINES,D.,House of Representatives,,,27702099,0,0,0,27702099
Agency,I.,CONGRESS OF THE PHILIPPINES,E.,House of Representatives Electoral Tribunal,,,255981,0,0,0,255981
Department,II.,OFFICE OF THE PRESIDENT,,,,,27286435,742298,0,742298,28028733
Agency,II.,OFFICE OF THE PRESIDENT,A,The President's Offices,,,27286435,742298,0,742298,28028733
Department,III.,OFFICE OF THE VICE-PRESIDENT,,,,,733198,156038,0,156038,889236
Agency,III.,OFFICE OF THE VICE-PRESIDENT,A,Office of the Vice-President,,,733198,156038,0,156038,889236
Department,IV.,DEPARTMENT OF AGRARIAN REFORM,,,,,16718499,200000,0,200000,16918499
Agency,IV.,DEPARTMENT OF AGRARIAN REFORM,A,Office of the Secretary,,,16718499,200000,0,200000,16918499
Department,V.,DEPARTMENT OF AGRICULTURE,,,,,180285190,21360162,-42619273,-21259111,159026079
Agency,V.,DEPARTMENT OF AGRICULTURE,A,Office of the Secretary,,,162033630,19387021,-42619273,-23232252,138801378
Agency,V.,DEPARTMENT OF AGRICULTURE,B,Agricultural Credit Policy Council,,,2864121,250000,0,250000,3114121
Agency,V.,DEPARTMENT OF AGRICULTURE,C.,Bureau of Fisheries and Aquatic Resources,,,11162420,602000,0,602000,11764420
Agency,V.,DEPARTMENT OF AGRICULTURE,D.,Fertilizer and Pesticide Authority,,,423233,0,0,0,423233
Agency,V.,DEPARTMENT OF AGRICULTURE,E,National Fisheries Research and Development Institute,,,743511,0,0,0,743511
Agency,V.,DEPARTMENT OF AGRICULTURE,F,National Meat Inspection Service,,,677494,0,0,0,677494
Agency,V.,DEPARTMENT OF AGRICULTURE,G.,Philippine Carabao Center,,,959337,1121141,0,1121141,2080478
Agency,V.,DEPARTMENT OF AGRICULTURE,H.,Philippine Center for Post-Harvest Development and Mechanization,,,479892,0,0,0,479892
Agency,V.,DEPARTMENT OF AGRICULTURE,I,Philippine Council for Agriculture and Fisheries,,,264404,0,0,0,264404
Agency,V.,DEPARTMENT OF AGRICULTURE,J,Philippine Fiber Industry Development Authority,,,677148,0,0,0,677148
Department,VI.,DEPARTMENT OF BUDGET AND MANAGEMENT,,,,,3464394,0,0,0,3464394
Agency,VI.,DEPARTMENT OF BUDGET AND MANAGEMENT,A,Office of the Secretary,,,3282641,0,0,0,3282641
Agency,VI.,DEPARTMENT OF BUDGET AND MANAGEMENT,B.,Government Procurement Policy Board - Technical Support Office,,,181753,0,0,0,181753
Department,VII.,"DEPARTMENT OF ECONOMY, PLANNING AND DEVELOPMENT",,,,,13726195,250067,0,250067,13976262
Agency,VII.,"DEPARTMENT OF ECONOMY, PLANNING AND DEVELOPMENT",A,Office of the Secretary,,,2706733,0,0,0,2706733
Agency,VII.,"DEPARTMENT OF ECONOMY, PLANNING AND DEVELOPMENT",B,Commission on Population and Development,,,696419,0,0,0,696419
Agency,VII.,"DEPARTMENT OF ECONOMY, PLANNING AND DEVELOPMENT",C.,Philippine National Volunteer Service Coordinating Agency,,,39011,0,0,0,39011
Agency,VII.,"DEPARTMENT OF ECONOMY, PLANNING AND DEVELOPMENT",D.,Public-Private Partnership Center of the Philippines,,,1168111,0,0,0,1168111
Agency,VII.,"DEPARTMENT OF ECONOMY, PLANNING AND DEVELOPMENT",E,Philippine Statistical Research and Training Institute,,,152320,0,0,0,152320
Agency,VII.,"DEPARTMENT OF ECONOMY, PLANNING AND DEVELOPMENT",F.,Philippine Statistics Authority,,,8838921,250067,0,250067,9088988
Agency,VII.,"DEPARTMENT OF ECONOMY, PLANNING AND DEVELOPMENT",G.,Tariff Commission,,,124680,0,0,0,124680
Department,VIII.,DEPARTMENT OF EDUCATION,,,,,914144842,76889790,-3530277,73359513,987504355
Agency,VIII.,DEPARTMENT OF EDUCATION,A,Office of the Secretary,,,912498878,75908237,-3530277,72377960,984876838
Agency,VIII.,DEPARTMENT OF EDUCATION,B.,National Academy of Sports,,,246377,294510,0,294510,540887
Agency,VIII.,DEPARTMENT OF EDUCATION,C.,National Book Development Board,,,152057,50000,0,50000,202057
Agency,VIII.,DEPARTMENT OF EDUCATION,D.,National Council for Children's Television,,,71264,45000,0,45000,116264
Agency,VIII.,DEPARTMENT OF EDUCATION,E,National Museum of the Philippines,,,811964,175000,0,175000,986964
Agency,VIII.,DEPARTMENT OF EDUCATION,F.,Philippine High School for the Arts,,,157231,61223,0,61223,218454
Agency,VIII.,DEPARTMENT OF EDUCATION,G.,Teacher Education Council,,,207071,355820,0,355820,562891
Department,IX.,STATE UNIVERSITIES AND COLLEGES,,,,,131685050,7355565,-3500,7352065,139037115
Agency,IX.,STATE UNIVERSITIES AND COLLEGES,A.,UNIVERSITY OF THE PHILIPPINES (THE NATIONAL UNIVERSITY),,,26910984,2889367,-3500,2885867,29796851
Sub-Agency,IX.,STATE UNIVERSITIES AND COLLEGES,A.,UNIVERSITY OF THE PHILIPPINES (THE NATIONAL UNIVERSITY),A.1,University of the Philippines System,26838912,2885867,0,2885867,29724779
Sub-Agency,IX.,STATE UNIVERSITIES AND COLLEGES,A.,UNIVERSITY OF THE PHILIPPINES (THE NATIONAL UNIVERSITY),A.2,Philippine Energy Research and Policy Institute,72072,3500,-3500,0,72072
Agency,IX.,STATE UNIVERSITIES AND COLLEGES,B.,NATIONAL CAPITAL REGION,,,9189153,253575,0,253575,9442728
Sub-Agency,IX.,STATE UNIVERSITIES AND COLLEGES,B.,NATIONAL CAPITAL REGION,B.1,"Eulogio ""Amang"" Rodriguez Institute of Science and Technology",520947,12325,0,12325,533272
Sub-Agency,IX.,STATE UNIVERSITIES AND COLLEGES,B.,NATIONAL CAPITAL REGION,B.2,Marikina Polytechnic College,317171,18750,0,18750,335921
Sub-Agency,IX.,STATE UNIVERSITIES AND COLLEGES,B.,NATIONAL CAPITAL REGION,B.3,Philippine Normal University,1533269,37500,0,37500,1570769
Sub-Agency,IX.,STATE UNIVERSITIES AND COLLEGES,B.,NATIONAL CAPITAL REGION,B.4,Philippine State College of Aeronautics,514149,15000,0,15000,529149
Sub-Agency,IX.,STATE UNIVERSITIES AND COLLEGES,B.,NATIONAL CAPITAL REGION,B.5,Polytechnic University of the Philippines,3678196,115000,0,115000,3793196
Sub-Agency,IX.,STATE UNIVERSITIES AND COLLEGES,B.,NATIONAL CAPITAL REGION,B.6,Rizal Technological University,1108552,0,0,0,1108552
Sub-Agency,IX.,STATE UNIVERSITIES AND COLLEGES,B.,NATIONAL CAPITAL REGION,B.7,Technological University of the Philippines,1516869,55000,0,55000,1571869
Agency,IX.,STATE UNIVERSITIES AND COLLEGES,C.,REGION I ILOCOS,,,6916227,198750,0,198750,7114977
Sub-Agency,IX.,STATE UNIVERSITIES AND COLLEGES,C.,REGION I ILOCOS,C.1,Don Mariano Marcos Memorial State University,1771527,56250,0,56250,1827777
Sub-Agency,IX.,STATE UNIVERSITIES AND COLLEGES,C.,REGION I ILOCOS,C.2,Ilocos Sur Polytechnic State College,706720,56250,0,56250,762970
Sub-Agency,IX.,STATE UNIVERSITIES AND COLLEGES,C.,REGION I ILOCOS,C.3,Mariano Marcos State University,1752921,0,0,0,1752921
Sub-Agency,IX.,STATE UNIVERSITIES AND COLLEGES,C.,REGION I ILOCOS,C.4,Pangasinan State University,1723093,30000,0,30000,1753093
Sub-Agency,IX.,STATE UNIVERSITIES AND COLLEGES,C.,REGION I ILOCOS,C.5,University of Northern Philippines,961966,56250,0,56250,1018216
Agency,IX.,STATE UNIVERSITIES AND COLLEGES,D.,CORDILLERA ADMINISTRATIVE REGION,,,3423843,187500,0,187500,3611343
Sub-Agency,IX.,STATE UNIVERSITIES AND COLLEGES,D.,CORDILLERA ADMINISTRATIVE REGION,D.1,Abra State Institute of Sciences and Technology,364038,37500,0,37500,401538
Sub-Agency,IX.,STATE UNIVERSITIES AND COLLEGES,D.,CORDILLERA ADMINISTRATIVE REGION,D.2,Apayao State College,319666,37500,0,37500,357166
Sub-Agency,IX.,STATE UNIVERSITIES AND COLLEGES,D.,CORDILLERA ADMINISTRATIVE REGION,D.3,Benguet State University,1042488,37500,0,37500,1079988
Sub-Agency,IX.,STATE UNIVERSITIES AND COLLEGES,D.,CORDILLERA ADMINISTRATIVE REGION,D.4,Ifugao State University,726182,0,0,0,726182
Sub-Agency,IX.,STATE UNIVERSITIES AND COLLEGES,D.,CORDILLERA ADMINISTRATIVE REGION,D.5,Kalinga State University,475865,37500,0,37500,513365
Sub-Agency,IX.,STATE UNIVERSITIES AND COLLEGES,D.,CORDILLERA ADMINISTRATIVE REGION,D.6,Mountain Province State University,495604,37500,0,37500,533104
Agency,IX.,STATE UNIVERSITIES AND COLLEGES,E,REGION II - CAGAYAN VALLEY,,,5003874,126500,0,126500,5130374
Sub-Agency,IX.,STATE UNIVERSITIES AND COLLEGES,E,REGION II - CAGAYAN VALLEY,E.1,Batanes State College,183055,15000,0,15000,198055
Sub-Agency,IX.,STATE UNIVERSITIES AND COLLEGES,E,REGION II - CAGAYAN VALLEY,E.2,Cagayan State University,1489305,58250,0,58250,1547555
Sub-Agency,IX.,STATE UNIVERSITIES AND COLLEGES,E,REGION II - CAGAYAN VALLEY,E.3,Isabela State University,2076989,0,0,0,2076989
Sub-Agency,IX.,STATE UNIVERSITIES AND COLLEGES,E,REGION II - CAGAYAN VALLEY,E4,Nueva Vizcaya State University,844542,27000,0,27000,871542
Sub-Agency,IX.,STATE UNIVERSITIES AND COLLEGES,E,REGION II - CAGAYAN VALLEY,E.5,Quirino State University,409983,26250,0,26250,436233
Agency,IX.,STATE UNIVERSITIES AND COLLEGES,F.,REGION III - CENTRAL LUZON,,,10605323,522633,0,522633,11127956
Sub-Agency,IX.,STATE UNIVERSITIES AND COLLEGES,F.,REGION III - CENTRAL LUZON,F.1,Aurora State College of Technology,360833,3136,0,3136,363969
Sub-Agency,IX.,STATE UNIVERSITIES AND COLLEGES,F.,REGION III - CENTRAL LUZON,F.2,Bataan Peninsula State University,999266,54886,0,54886,1054152
Sub-Agency,IX.,STATE UNIVERSITIES AND COLLEGES,F.,REGION III - CENTRAL LUZON,F.3,Bulacan Agricultural State College,310082,42386,0,42386,352468
Sub-Agency,IX.,STATE UNIVERSITIES AND COLLEGES,F.,REGION III - CENTRAL LUZON,F4,Bulacan State University,1976641,61136,0,61136,2037777
Sub-Agency,IX.,STATE UNIVERSITIES AND COLLEGES,F.,REGION III - CENTRAL LUZON,F.5,Central Luzon State University,1217111,52187,0,52187,1269298
Sub-Agency,IX.,STATE UNIVERSITIES AND COLLEGES,F.,REGION III - CENTRAL LUZON,F.6,Nueva Ecija University of Science and Technology,1411141,19886,0,19886,1431027
Sub-Agency,IX.,STATE UNIVERSITIES AND COLLEGES,F.,REGION III - CENTRAL LUZON,F.7,Pampanga State Agricultural University,600737,38636,0,38636,639373
Sub-Agency,IX.,STATE UNIVERSITIES AND COLLEGES,F.,REGION III - CENTRAL LUZON,F.8,Pampanga State University,1241277,35636,0,35636,1276913
Sub-Agency,IX.,STATE UNIVERSITIES AND COLLEGES,F.,REGION III - CENTRAL LUZON,F.9,Philippine Merchant Marine Academy,320429,38636,0,38636,359065
Sub-Agency,IX.,STATE UNIVERSITIES AND COLLEGES,F.,REGION III - CENTRAL LUZON,F.10,President Ramon Magsaysay State University,702648,57386,0,57386,760034
Sub-Agency,IX.,STATE UNIVERSITIES AND COLLEGES,F.,REGION III - CENTRAL LUZON,F.11,Tarlac Agricultural University,469144,60636,0,60636,529780
Sub-Agency,IX.,STATE UNIVERSITIES AND COLLEGES,F.,REGION III - CENTRAL LUZON,F.12,Tarlac State University,996014,58086,0,58086,1054100
Agency,IX.,STATE UNIVERSITIES AND COLLEGES,G.,REGION IV-A (CALABARZON),,,7006955,427106,0,427106,7434061
Sub-Agency,IX.,STATE UNIVERSITIES AND COLLEGES,G.,REGION IV-A (CALABARZON),G.1,Batangas State University,2123267,302000,0,302000,2425267
Sub-Agency,IX.,STATE UNIVERSITIES AND COLLEGES,G.,REGION IV-A (CALABARZON),G.2,Cavite State University,2072592,55644,0,55644,2128236
Sub-Agency,IX.,STATE UNIVERSITIES AND COLLEGES,G.,REGION IV-A (CALABARZON),G.3,Laguna State Polytechnic University,1129567,52190,0,52190,1181757
Sub-Agency,IX.,STATE UNIVERSITIES AND COLLEGES,G.,REGION IV-A (CALABARZON),G.4,Southern Luzon State University,760255,1136,0,1136,761391
Sub-Agency,IX.,STATE UNIVERSITIES AND COLLEGES,G.,REGION IV-A (CALABARZON),G.5,University of Rizal System,921274,16136,0,16136,937410
Agency,IX.,STATE UNIVERSITIES AND COLLEGES,H.,REGION IV-B (MIMAROPA),,,3712161,177816,0,177816,3889977
Sub-Agency,IX.,STATE UNIVERSITIES AND COLLEGES,H.,REGION IV-B (MIMAROPA),H.1,Marinduque State University,403706,18136,0,18136,421842
Sub-Agency,IX.,STATE UNIVERSITIES AND COLLEGES,H.,REGION IV-B (MIMAROPA),H.2,Mindoro State University,456016,38636,0,38636,494652
Sub-Agency,IX.,STATE UNIVERSITIES AND COLLEGES,H.,REGION IV-B (MIMAROPA),H.3,Occidental Mindoro State College,682939,1136,0,1136,684075
Sub-Agency,IX.,STATE UNIVERSITIES AND COLLEGES,H.,REGION IV-B (MIMAROPA),H.4,Palawan State University,1039878,19886,0,19886,1059764
Sub-Agency,IX.,STATE UNIVERSITIES AND COLLEGES,H.,REGION IV-B (MIMAROPA),H.5,Romblon State University,572294,59386,0,59386,631680
Sub-Agency,IX.,STATE UNIVERSITIES AND COLLEGES,H.,REGION IV-B (MIMAROPA),H.6,Western Philippines University,557328,40636,0,40636,597964
Agency,IX.,STATE UNIVERSITIES AND COLLEGES,I.,REGION V - BICOL,,,6680168,360500,0,360500,7040668
Sub-Agency,IX.,STATE UNIVERSITIES AND COLLEGES,I.,REGION V - BICOL,I.1,Bicol State College of Applied Sciences and Technology,303586,18750,0,18750,322336
Sub-Agency,IX.,STATE UNIVERSITIES AND COLLEGES,I.,REGION V - BICOL,I.2,Bicol University,1502635,89500,0,89500,1592135
Sub-Agency,IX.,STATE UNIVERSITIES AND COLLEGES,I.,REGION V - BICOL,I.3,Camarines Norte State College,554782,37500,0,37500,592282
Sub-Agency,IX.,STATE UNIVERSITIES AND COLLEGES,I.,REGION V - BICOL,I4,Camarines Sur Polytechnic Colleges,704304,56250,0,56250,760554
Sub-Agency,IX.,STATE UNIVERSITIES AND COLLEGES,I.,REGION V - BICOL,I.5,Catanduanes State University,768490,25000,0,25000,793490
Sub-Agency,IX.,STATE UNIVERSITIES AND COLLEGES,I.,REGION V - BICOL,I.6,Central Bicol State University of Agriculture,1189548,17000,0,17000,1206548
Sub-Agency,IX.,STATE UNIVERSITIES AND COLLEGES,I.,REGION V - BICOL,I.7,"Dr. Emilio B. Espinosa, Sr. Memorial State College of Agriculture and Technology",314302,39500,0,39500,353802
Sub-Agency,IX.,STATE UNIVERSITIES AND COLLEGES,I.,REGION V - BICOL,I.8,Partido State University,701311,32000,0,32000,733311
Sub-Agency,IX.,STATE UNIVERSITIES AND COLLEGES,I.,REGION V - BICOL,I.9,Sorsogon State University,641210,45000,0,45000,686210
Agency,IX.,STATE UNIVERSITIES AND COLLEGES,J.,REGION VI - WESTERN VISAYAS,,,7903042,313500,0,313500,8216542
Sub-Agency,IX.,STATE UNIVERSITIES AND COLLEGES,J.,REGION VI - WESTERN VISAYAS,J.1,Aklan State University,730901,37500,0,37500,768401
Sub-Agency,IX.,STATE UNIVERSITIES AND COLLEGES,J.,REGION VI - WESTERN VISAYAS,J.2,Capiz State University,1234576,56250,0,56250,1290826
Sub-Agency,IX.,STATE UNIVERSITIES AND COLLEGES,J.,REGION VI - WESTERN VISAYAS,J.3,Guimaras State University,350551,37500,0,37500,388051
Sub-Agency,IX.,STATE UNIVERSITIES AND COLLEGES,J.,REGION VI - WESTERN VISAYAS,J.4,Iloilo Science and Technology University,1116556,58250,0,58250,1174806
Sub-Agency,IX.,STATE UNIVERSITIES AND COLLEGES,J.,REGION VI - WESTERN VISAYAS,J.5,Iloilo State University of Fisheries Science and Technology,587076,17000,0,17000,604076
Sub-Agency,IX.,STATE UNIVERSITIES AND COLLEGES,J.,REGION VI - WESTERN VISAYAS,J.6,Northern Iloilo State University,803477,30000,0,30000,833477
Sub-Agency,IX.,STATE UNIVERSITIES AND COLLEGES,J.,REGION VI - WESTERN VISAYAS,J.7,University of Antique,759454,58250,0,58250,817704
Sub-Agency,IX.,STATE UNIVERSITIES AND COLLEGES,J.,REGION VI - WESTERN VISAYAS,J.8,West Visayas State University,2320451,18750,0,18750,2339201
Agency,IX.,STATE UNIVERSITIES AND COLLEGES,K,NEGROS ISLAND REGION,,,3048169,150000,0,150000,3198169
Sub-Agency,IX.,STATE UNIVERSITIES AND COLLEGES,K,NEGROS ISLAND REGION,K.1,Carlos Hilado Memorial State University,789331,0,0,0,789331
Sub-Agency,IX.,STATE UNIVERSITIES AND COLLEGES,K,NEGROS ISLAND REGION,K.2,Central Philippines State University,602252,37500,0,37500,639752
Sub-Agency,IX.,STATE UNIVERSITIES AND COLLEGES,K,NEGROS ISLAND REGION,K.3,Negros Oriental State University,1132643,56250,0,56250,1188893
Sub-Agency,IX.,STATE UNIVERSITIES AND COLLEGES,K,NEGROS ISLAND REGION,K.4,Siquijor State College,188278,18750,0,18750,207028
Sub-Agency,IX.,STATE UNIVERSITIES AND COLLEGES,K,NEGROS ISLAND REGION,K.5,State University of Northern Negros,335665,37500,0,37500,373165
Agency,IX.,STATE UNIVERSITIES AND COLLEGES,L,REGION VII - CENTRAL VISAYAS,,,4529083,93750,0,93750,4622833
Sub-Agency,IX.,STATE UNIVERSITIES AND COLLEGES,L,REGION VII - CENTRAL VISAYAS,L.1,Bohol Island State University,969342,56250,0,56250,1025592
Sub-Agency,IX.,STATE UNIVERSITIES AND COLLEGES,L,REGION VII - CENTRAL VISAYAS,L.2,Cebu Normal University,614751,37500,0,37500,652251
Sub-Agency,IX.,STATE UNIVERSITIES AND COLLEGES,L,REGION VII - CENTRAL VISAYAS,L.3,Cebu Technological University,2944990,0,0,0,2944990
Agency,IX.,STATE UNIVERSITIES AND COLLEGES,M.,REGION VIII - EASTERN VISAYAS,,,8744251,197750,0,197750,8942001
Sub-Agency,IX.,STATE UNIVERSITIES AND COLLEGES,M.,REGION VIII - EASTERN VISAYAS,M.1,Biliran Province State University,830326,2000,0,2000,832326
Sub-Agency,IX.,STATE UNIVERSITIES AND COLLEGES,M.,REGION VIII - EASTERN VISAYAS,M.2,Eastern Samar State University,902760,25000,0,25000,927760
Sub-Agency,IX.,STATE UNIVERSITIES AND COLLEGES,M.,REGION VIII - EASTERN VISAYAS,M.3,Eastern Visayas State University,956583,56250,0,56250,1012833
Sub-Agency,IX.,STATE UNIVERSITIES AND COLLEGES,M.,REGION VIII - EASTERN VISAYAS,M.4,Leyte Normal University,588943,37500,0,37500,626443
Sub-Agency,IX.,STATE UNIVERSITIES AND COLLEGES,M.,REGION VIII - EASTERN VISAYAS,M.5,Northwest Samar State University,648278,39500,0,39500,687778
Sub-Agency,IX.,STATE UNIVERSITIES AND COLLEGES,M.,REGION VIII - EASTERN VISAYAS,M.6,Palompon Institute of Technology,430659,37500,0,37500,468159
Sub-Agency,IX.,STATE UNIVERSITIES AND COLLEGES,M.,REGION VIII - EASTERN VISAYAS,M.7,Samar State University,733775,0,0,0,733775
Sub-Agency,IX.,STATE UNIVERSITIES AND COLLEGES,M.,REGION VIII - EASTERN VISAYAS,M.8,Southern Leyte State University,912287,0,0,0,912287
Sub-Agency,IX.,STATE UNIVERSITIES AND COLLEGES,M.,REGION VIII - EASTERN VISAYAS,M.9,University of Eastern Philippines,1118288,0,0,0,1118288
Sub-Agency,IX.,STATE UNIVERSITIES AND COLLEGES,M.,REGION VIII - EASTERN VISAYAS,M.10,Visayas State University,1622352,0,0,0,1622352
Agency,IX.,STATE UNIVERSITIES AND COLLEGES,N.,REGION IX-ZAMBOANGA PENINSULA,,,4092862,276000,0,276000,4368862
Sub-Agency,IX.,STATE UNIVERSITIES AND COLLEGES,N.,REGION IX-ZAMBOANGA PENINSULA,N.1,Basilan State College,301318,17000,0,17000,318318
Sub-Agency,IX.,STATE UNIVERSITIES AND COLLEGES,N.,REGION IX-ZAMBOANGA PENINSULA,N.2,J.H. Cerilles State College,510175,134000,0,134000,644175
Sub-Agency,IX.,STATE UNIVERSITIES AND COLLEGES,N.,REGION IX-ZAMBOANGA PENINSULA,N.3,Jose Rizal Memorial State University,900741,42500,0,42500,943241
Sub-Agency,IX.,STATE UNIVERSITIES AND COLLEGES,N.,REGION IX-ZAMBOANGA PENINSULA,N.4,Western Mindanao State University,1354843,37500,0,37500,1392343
Sub-Agency,IX.,STATE UNIVERSITIES AND COLLEGES,N.,REGION IX-ZAMBOANGA PENINSULA,N.5,Zamboanga Peninsula Polytechnic State University,701320,22500,0,22500,723820
Sub-Agency,IX.,STATE UNIVERSITIES AND COLLEGES,N.,REGION IX-ZAMBOANGA PENINSULA,N.6,Zamboanga State College of Marine Sciences and Technology,324465,22500,0,22500,346965
Agency,IX.,STATE UNIVERSITIES AND COLLEGES,O,REGION X - NORTHERN MINDANAO,,,6508079,325640,0,325640,6833719
Sub-Agency,IX.,STATE UNIVERSITIES AND COLLEGES,O,REGION X - NORTHERN MINDANAO,O.1,Bukidnon State University,1040990,100000,0,100000,1140990
Sub-Agency,IX.,STATE UNIVERSITIES AND COLLEGES,O,REGION X - NORTHERN MINDANAO,O.2,Camiguin Polytechnic State College,256989,37500,0,37500,294489
Sub-Agency,IX.,STATE UNIVERSITIES AND COLLEGES,O,REGION X - NORTHERN MINDANAO,O.3,Central Mindanao University,1100307,66250,0,66250,1166557
Sub-Agency,IX.,STATE UNIVERSITIES AND COLLEGES,O,REGION X - NORTHERN MINDANAO,O.4,MSU-Iligan Institute of Technology,1642584,18750,0,18750,1661334
Sub-Agency,IX.,STATE UNIVERSITIES AND COLLEGES,O,REGION X - NORTHERN MINDANAO,O.5,Northern Bukidnon State College,270145,31890,0,31890,302035
Sub-Agency,IX.,STATE UNIVERSITIES AND COLLEGES,O,REGION X - NORTHERN MINDANAO,O.6,Northwestern Mindanao State College of Science and Technology,485618,18750,0,18750,504368
Sub-Agency,IX.,STATE UNIVERSITIES AND COLLEGES,O,REGION X - NORTHERN MINDANAO,O.7,University of Science and Technology of Southern Philippines,1711446,52500,0,52500,1763946
Agency,IX.,STATE UNIVERSITIES AND COLLEGES,P.,REGION XI - DAVAO,,,3100695,236750,0,236750,3337445
Sub-Agency,IX.,STATE UNIVERSITIES AND COLLEGES,P.,REGION XI - DAVAO,P.1,Davao de Oro State College,399890,39500,0,39500,439390
Sub-Agency,IX.,STATE UNIVERSITIES AND COLLEGES,P.,REGION XI - DAVAO,P.2,Davao del Norte State College,505822,39500,0,39500,545322
Sub-Agency,IX.,STATE UNIVERSITIES AND COLLEGES,P.,REGION XI - DAVAO,P.3,Davao del Sur State College,360493,37500,0,37500,397993
Sub-Agency,IX.,STATE UNIVERSITIES AND COLLEGES,P.,REGION XI - DAVAO,P4,Davao Oriental State University,626478,43250,0,43250,669728
Sub-Agency,IX.,STATE UNIVERSITIES AND COLLEGES,P.,REGION XI - DAVAO,P.5,Southern Philippines Agri-Business and Marine and Aquatic School of Technology,236643,37500,0,37500,274143
Sub-Agency,IX.,STATE UNIVERSITIES AND COLLEGES,P.,REGION XI - DAVAO,P.6,University of Southeastern Philippines,971369,39500,0,39500,1010869
Agency,IX.,STATE UNIVERSITIES AND COLLEGES,Q,REGION XII-SOCCSKSARGEN,,,2268010,114750,0,114750,2382760
Sub-Agency,IX.,STATE UNIVERSITIES AND COLLEGES,Q,REGION XII-SOCCSKSARGEN,Q.1,Cotabato Foundation College of Science and Technology,391515,36000,0,36000,427515
Sub-Agency,IX.,STATE UNIVERSITIES AND COLLEGES,Q,REGION XII-SOCCSKSARGEN,Q.2,South Cotabato State College,142884,0,0,0,142884
Sub-Agency,IX.,STATE UNIVERSITIES AND COLLEGES,Q,REGION XII-SOCCSKSARGEN,Q.3,Sultan Kudarat State University,674552,22500,0,22500,697052
Sub-Agency,IX.,STATE UNIVERSITIES AND COLLEGES,Q,REGION XII-SOCCSKSARGEN,Q.4,University of Southern Mindanao,1059059,56250,0,56250,1115309
Agency,IX.,STATE UNIVERSITIES AND COLLEGES,R.,REGION XIII - CARAGA,,,3732453,187500,0,187500,3919953
Sub-Agency,IX.,STATE UNIVERSITIES AND COLLEGES,R.,REGION XIII - CARAGA,R.1,Agusan del Sur State College of Agriculture and Technology,514152,37500,0,37500,551652
Sub-Agency,IX.,STATE UNIVERSITIES AND COLLEGES,R.,REGION XIII - CARAGA,R.2,Caraga State University,1145158,56250,0,56250,1201408
Sub-Agency,IX.,STATE UNIVERSITIES AND COLLEGES,R.,REGION XIII - CARAGA,R.3,North Eastern Mindanao State University,1380893,56250,0,56250,1437143
Sub-Agency,IX.,STATE UNIVERSITIES AND COLLEGES,R.,REGION XIII - CARAGA,R.4,Surigao del Norte State University,692250,37500,0,37500,729750
Agency,IX.,STATE UNIVERSITIES AND COLLEGES,S.,BANGSAMORO AUTONOMOUS REGION IN MUSLIM MINDANO (BARMM),,,8309718,316178,0,316178,8625896
Sub-Agency,IX.,STATE UNIVERSITIES AND COLLEGES,S.,BANGSAMORO AUTONOMOUS REGION IN MUSLIM MINDANO (BARMM),S.1,Adiong Memorial State College,147621,22500,0,22500,170121
Sub-Agency,IX.,STATE UNIVERSITIES AND COLLEGES,S.,BANGSAMORO AUTONOMOUS REGION IN MUSLIM MINDANO (BARMM),S.2,Cotabato State University,377916,37500,0,37500,415416
Sub-Agency,IX.,STATE UNIVERSITIES AND COLLEGES,S.,BANGSAMORO AUTONOMOUS REGION IN MUSLIM MINDANO (BARMM),S.3,Mindanao State University,6149612,107053,0,107053,6256665
Sub-Agency,IX.,STATE UNIVERSITIES AND COLLEGES,S.,BANGSAMORO AUTONOMOUS REGION IN MUSLIM MINDANO (BARMM),S.4,MSU-Tawi-Tawi College of Technology and Oceanography,974853,39500,0,39500,1014353
Sub-Agency,IX.,STATE UNIVERSITIES AND COLLEGES,S.,BANGSAMORO AUTONOMOUS REGION IN MUSLIM MINDANO (BARMM),S.5,Sulu State College,403771,79625,0,79625,483396
Sub-Agency,IX.,STATE UNIVERSITIES AND COLLEGES,S.,BANGSAMORO AUTONOMOUS REGION IN MUSLIM MINDANO (BARMM),S.6,Tawi-Tawi Regional Agricultural College,255945,30000,0,30000,285945
Department,X,DEPARTMENT OF ENERGY,,,,,2996211,0,0,0,2996211
Agency,X,DEPARTMENT OF ENERGY,A,Office of the Secretary,,,2996211,0,0,0,2996211
Department,XI,DEPARTMENT OF ENVIRONMENT AND NATURAL RESOURCES,,,,,28466122,207198,-1226642,-1019444,27446678
Agency,XI,DEPARTMENT OF ENVIRONMENT AND NATURAL RESOURCES,A,Office of the Secretary,,,20813218,122963,-1226642,-1103679,19709539
Agency,XI,DEPARTMENT OF ENVIRONMENT AND NATURAL RESOURCES,B.,Environmental Management Bureau,,,3404856,60000,0,60000,3464856
Agency,XI,DEPARTMENT OF ENVIRONMENT AND NATURAL RESOURCES,C.,Mines and Geosciences Bureau,,,1836411,10000,0,10000,1846411
Agency,XI,DEPARTMENT OF ENVIRONMENT AND NATURAL RESOURCES,D.,National Mapping and Resource Information Authority,,,1968993,14235,0,14235,1983228
Agency,XI,DEPARTMENT OF ENVIRONMENT AND NATURAL RESOURCES,E,National Water Resources Board,,,294405,0,0,0,294405
Agency,XI,DEPARTMENT OF ENVIRONMENT AND NATURAL RESOURCES,F,Palawan Council for Sustainable Development Staff,,,148239,0,0,0,148239
Department,XII.,DEPARTMENT OF FINANCE,,,,,31001345,1258173,0,1258173,32259518
Agency,XII.,DEPARTMENT OF FINANCE,A,Office of the Secretary,,,1278317,0,0,0,1278317
Agency,XII.,DEPARTMENT OF FINANCE,B,Bureau of Customs,,,5462907,258173,0,258173,5721080
Agency,XII.,DEPARTMENT OF FINANCE,C.,Bureau of Internal Revenue,,,18338111,0,0,0,18338111
Agency,XII.,DEPARTMENT OF FINANCE,D.,Bureau of Local Government Finance,,,974023,0,0,0,974023
Agency,XII.,DEPARTMENT OF FINANCE,E,Bureau of the Treasury,,,4650643,1000000,0,1000000,5650643
Agency,XII.,DEPARTMENT OF FINANCE,F,Central Board of Assessment Appeals,,,17119,0,0,0,17119
Agency,XII.,DEPARTMENT OF FINANCE,G,Insurance Commission,,,6,0,0,0,6
Agency,XII.,DEPARTMENT OF FINANCE,H.,National Tax Research Center,,,145616,0,0,0,145616
Agency,XII.,DEPARTMENT OF FINANCE,I,Privatization and Management Office,,,134603,0,0,0,134603
Department,XIII.,DEPARTMENT OF FOREIGN AFFAIRS,,,,,29807959,69000,0,69000,29876959
Agency,XIII.,DEPARTMENT OF FOREIGN AFFAIRS,A,Office of the Secretary,,,29500263,69000,0,69000,29569263
Agency,XIII.,DEPARTMENT OF FOREIGN AFFAIRS,B.,Foreign Service Institute,,,173147,0,0,0,173147
Agency,XIII.,DEPARTMENT OF FOREIGN AFFAIRS,C.,Presidential Commission on Visiting Forces,,,51575,0,0,0,51575
Agency,XIII.,DEPARTMENT OF FOREIGN AFFAIRS,D.,Technical Cooperation Council of the Philippine:,,,31560,0,0,0,31560
Agency,XIII.,DEPARTMENT OF FOREIGN AFFAIRS,E,UNESCO National Commission of the Philippines,,,51414,0,0,0,51414
Department,XIV.,DEPARTMENT OF HEALTH,,,,,283179096,18063298,-31226429,-13163131,270015965
Agency,XIV.,DEPARTMENT OF HEALTH,A,Office of the Secretary,,,282811346,18063298,-31226429,-13163131,269648215
Agency,XIV.,DEPARTMENT OF HEALTH,B.,National Nutrition Council,,,304546,0,0,0,304546
Agency,XIV.,DEPARTMENT OF HEALTH,C.,Philippine National AIDS Council,,,63204,0,0,0,63204
Department,XV.,DEPARTMENT OF HUMAN SETTLEMENTS AND URBAN DEVELOPMENT,,,,,3090467,0,0,-1143200,1947267
Agency,XV.,DEPARTMENT OF HUMAN SETTLEMENTS AND URBAN DEVELOPMENT,A,Office of the Secretary,,,2563550,0,-1143200,-1143200,1420350
Agency,XV.,DEPARTMENT OF HUMAN SETTLEMENTS AND URBAN DEVELOPMENT,B.,Human Settlements Adjudication Commission,,,526917,0,0,0,526917
Department,XVI,DEPARTMENT OF INFORMATION AND COMMUNICATIONS TECHNOLOGY,,,,,14691023,2308863,-2115996,192867,14883890
Agency,XVI,DEPARTMENT OF INFORMATION AND COMMUNICATIONS TECHNOLOGY,A,Office of the Secretary,,,12961924,2308863,-2000000,308863,13270787
Agency,XVI,DEPARTMENT OF INFORMATION AND COMMUNICATIONS TECHNOLOGY,B,Cybercrime Investigation and Coordination Center,,,573779,0,-115996,-115996,457783
Agency,XVI,DEPARTMENT OF INFORMATION AND COMMUNICATIONS TECHNOLOGY,C.,National Privacy Commission,,,428866,0,0,0,428866
Agency,XVI,DEPARTMENT OF INFORMATION AND COMMUNICATIONS TECHNOLOGY,D.,National Telecommunications Commission,,,726454,0,0,0,726454
Department,XVII.,DEPARTMENT OF THE INTERIOR AND LOCAL GOVERNMENT,,,,,285634492,26132860,-1683518,24449342,310083834
Agency,XVII.,DEPARTMENT OF THE INTERIOR AND LOCAL GOVERNMENT,A,Office of the Secretary,,,8549126,1000000,0,1000000,9549126
Agency,XVII.,DEPARTMENT OF THE INTERIOR AND LOCAL GOVERNMENT,B.,Bureau of Fire Protection,,,31714026,4520130,0,4520130,36234156
Agency,XVII.,DEPARTMENT OF THE INTERIOR AND LOCAL GOVERNMENT,C.,Bureau of Jail Management and Penology,,,29253153,2070578,0,2070578,31323731
Agency,XVII.,DEPARTMENT OF THE INTERIOR AND LOCAL GOVERNMENT,D.,Early Childhood Care and Development Council,,,356793,264758,-264758,0,356793
Agency,XVII.,DEPARTMENT OF THE INTERIOR AND LOCAL GOVERNMENT,E,Local Government Academy,,,540347,4500,0,4500,544847
Agency,XVII.,DEPARTMENT OF THE INTERIOR AND LOCAL GOVERNMENT,F,National Commission on Muslim Filipinos,,,1166103,147500,0,147500,1313603
Agency,XVII.,DEPARTMENT OF THE INTERIOR AND LOCAL GOVERNMENT,G,National Police Commission,,,2464605,1051,0,1051,2465656
Agency,XVII.,DEPARTMENT OF THE INTERIOR AND LOCAL GOVERNMENT,H.,National Youth Commission,,,315469,0,0,0,315469
Agency,XVII.,DEPARTMENT OF THE INTERIOR AND LOCAL GOVERNMENT,I.,Philippine Commission on Women,,,175894,29000,0,29000,204894
Agency,XVII.,DEPARTMENT OF THE INTERIOR AND LOCAL GOVERNMENT,J.,Philippine National Police,,,209905288,18053543,-1418760,16634783,226540071
Agency,XVII.,DEPARTMENT OF THE INTERIOR AND LOCAL GOVERNMENT,K,Philippine Public Safety College,,,1193688,41800,0,41800,1235488
Department,XVIII,DEPARTMENT OF JUSTICE,,,,,41464238,2673289,0,2673289,44137527
Agency,XVIII,DEPARTMENT OF JUSTICE,A,Office of the Secretary,,,10805023,1402622,0,1402622,12207645
Agency,XVIII,DEPARTMENT OF JUSTICE,B.,Bureau of Corrections,,,10230878,639068,0,639068,10869946
Agency,XVIII,DEPARTMENT OF JUSTICE,C.,Bureau of Immigration,,,5255705,494351,0,494351,5750056
Agency,XVIII,DEPARTMENT OF JUSTICE,D.,Land Registration Authority,,,1361033,0,0,0,1361033
Agency,XVIII,DEPARTMENT OF JUSTICE,E.,National Bureau of Investigation,,,3687617,120000,0,120000,3807617
Agency,XVIII,DEPARTMENT OF JUSTICE,F,Office for Alternative Dispute Resolution,,,160581,0,0,0,160581
Agency,XVIII,DEPARTMENT OF JUSTICE,G.,Office of the Government Corporate Counsel,,,304017,0,0,0,304017
Agency,XVIII,DEPARTMENT OF JUSTICE,H.,Office of the Solicitor General,,,1742446,17248,0,17248,1759694
Agency,XVIII,DEPARTMENT OF JUSTICE,I,Parole and Probation Administration,,,1226908,0,0,0,1226908
Agency,XVIII,DEPARTMENT OF JUSTICE,J,Presidential Commission on Good Government,,,275252,0,0,0,275252
Agency,XVIII,DEPARTMENT OF JUSTICE,K,Public Attorney's Office,,,6414778,0,0,0,6414778
Department,XIX,DEPARTMENT OF LABOR AND EMPLOYMENT,,,,,58142930,4900895,-12224025,-7323130,50819800
Agency,XIX,DEPARTMENT OF LABOR AND EMPLOYMENT,A,Office of the Secretary,,,29427466,2425000,-10137000,-7712000,21715466
Agency,XIX,DEPARTMENT OF LABOR AND EMPLOYMENT,B.,Institute for Labor Studies,,,77904,0,0,0,77904
Agency,XIX,DEPARTMENT OF LABOR AND EMPLOYMENT,C.,National Conciliation and Mediation Board,,,371162,0,0,0,371162
Agency,XIX,DEPARTMENT OF LABOR AND EMPLOYMENT,D.,National Labor Relations Commission,,,1803038,0,0,0,1803038
Agency,XIX,DEPARTMENT OF LABOR AND EMPLOYMENT,E.,National Wages and Productivity Commission,,,357063,0,0,0,357063
Agency,XIX,DEPARTMENT OF LABOR AND EMPLOYMENT,F,Professional Regulation Commission,,,2521636,0,0,0,2521636
Agency,XIX,DEPARTMENT OF LABOR AND EMPLOYMENT,G.,Technical Education and Skills Development Authority,,,23584661,2475895,-2087025,388870,23973531
Department,XX,DEPARTMENT OF MIGRANT WORKERS,,,,,9776826,1300000,0,1300000,11076826
Agency,XX,DEPARTMENT OF MIGRANT WORKERS,A,Office of the Secretary,,,6026573,800000,0,800000,6826573
Agency,XX,DEPARTMENT OF MIGRANT WORKERS,B,Overseas Workers Welfare Administration,,,3750253,500000,0,500000,4250253
Department,XXI.,DEPARTMENT OF NATIONAL DEFENSE,,,,,299422690,6450007,0,6450007,305872697
Agency,XXI.,DEPARTMENT OF NATIONAL DEFENSE,A,Office of the Secretary - Proper,,,2341215,12780,0,12780,2353995
Agency,XXI.,DEPARTMENT OF NATIONAL DEFENSE,B,Government Arsenal,,,2716998,156407,0,156407,2873405
Agency,XXI.,DEPARTMENT OF NATIONAL DEFENSE,C.,National Defense College of the Philippines,,,310011,0,0,0,310011
Agency,XXI.,DEPARTMENT OF NATIONAL DEFENSE,D.,Office of Civil Defense,,,2561769,77000,0,77000,2638769
Agency,XXI.,DEPARTMENT OF NATIONAL DEFENSE,E,Philippine Veterans Affairs Office (PVAO) - Proper,,,1525447,0,0,0,1525447
Agency,XXI.,DEPARTMENT OF NATIONAL DEFENSE,F.,Veterans Memorial Medical Center,,,3387246,300000,0,300000,3687246
Agency,XXI.,DEPARTMENT OF NATIONAL DEFENSE,G.,Armed Forces of the Philippines,,,286580004,5903820,0,5903820,292483824
Sub-Agency,XXI.,DEPARTMENT OF NATIONAL DEFENSE,G.,Armed Forces of the Philippines,G.1,Philippine Army (Land Forces),142766244,2395200,0,2395200,145161444
Sub-Agency,XXI.,DEPARTMENT OF NATIONAL DEFENSE,G.,Armed Forces of the Philippines,G.2,Philippine Air Force (Air Forces),59357152,1277096,0,1277096,60634248
Sub-Agency,XXI.,DEPARTMENT OF NATIONAL DEFENSE,G.,Armed Forces of the Philippines,G.3,Philippine Navy (Naval Forces),59548870,380500,0,380500,59929370
Sub-Agency,XXI.,DEPARTMENT OF NATIONAL DEFENSE,G.,Armed Forces of the Philippines,G.4,"General Headquarters, AFP and AFP-Wide Service Support Units (AFPWSSUS)",24907738,1851024,0,1851024,26758762
Department,XXII,DEPARTMENT OF PUBLIC WORKS AND HIGHWAYS,,,,,624480842,54345851,-108340075,-53994224,570486618
Agency,XXII,DEPARTMENT OF PUBLIC WORKS AND HIGHWAYS,A,Office of the Secretary,,,624480842,54345851,-108340075,-53994224,570486618
Department,XXIII.,DEPARTMENT OF SCIENCE AND TECHNOLOGY,,,,,30130246,1613672,0,1613672,31743918
Agency,XXIII.,DEPARTMENT OF SCIENCE AND TECHNOLOGY,A,Office of the Secretary,,,7923129,200000,0,200000,8123129
Agency,XXIII.,DEPARTMENT OF SCIENCE AND TECHNOLOGY,B.,Advanced Science and Technology Institute,,,400849,0,0,0,400849
Agency,XXIII.,DEPARTMENT OF SCIENCE AND TECHNOLOGY,C.,Food and Nutrition Research Institute,,,1127241,0,0,0,1127241
Agency,XXIII.,DEPARTMENT OF SCIENCE AND TECHNOLOGY,D.,Forest Products Research and Development Institute,,,263463,23171,0,23171,286634
Agency,XXIII.,DEPARTMENT OF SCIENCE AND TECHNOLOGY,E.,Industrial Technology Development Institute,,,585922,0,0,0,585922
Agency,XXIII.,DEPARTMENT OF SCIENCE AND TECHNOLOGY,F,Metals Industry Research and Development Center,,,303255,0,0,0,303255
Agency,XXIII.,DEPARTMENT OF SCIENCE AND TECHNOLOGY,G.,National Academy of Science and Technology,,,171242,0,0,0,171242
Agency,XXIII.,DEPARTMENT OF SCIENCE AND TECHNOLOGY,H.,National Research Council of the Philippines,,,255523,0,0,0,255523
Agency,XXIII.,DEPARTMENT OF SCIENCE AND TECHNOLOGY,I,"Philippine Atmospheric, Geophysical and Astronomical Services Administration",,,2127780,711000,0,711000,2838780
Agency,XXIII.,DEPARTMENT OF SCIENCE AND TECHNOLOGY,J,"Philippine Council for Agriculture, Aquatic and Natural Resource Research and Development",,,1684721,825,0,825,1685546
Agency,XXIII.,DEPARTMENT OF SCIENCE AND TECHNOLOGY,K,Philippine Council for Health Research and Development,,,905406,0,0,0,905406
Agency,XXIII.,DEPARTMENT OF SCIENCE AND TECHNOLOGY,L,"Philippine Council for Industry, Energy and Emerging Technology Research and Development",,,1080106,46400,0,46400,1126506
Agency,XXIII.,DEPARTMENT OF SCIENCE AND TECHNOLOGY,M.,Philippine Institute of Volcanology and Seismology,,,975496,81537,0,81537,1057033
Agency,XXIII.,DEPARTMENT OF SCIENCE AND TECHNOLOGY,N.,Philippine Nuclear Research Institute,,,887981,0,0,0,887981
Agency,XXIII.,DEPARTMENT OF SCIENCE AND TECHNOLOGY,O.,Philippine Science High School System,,,3054155,413874,0,413874,3468029
Agency,XXIII.,DEPARTMENT OF SCIENCE AND TECHNOLOGY,P,Philippine Textile Research Institute,,,361000,112500,0,112500,473500
Agency,XXIII.,DEPARTMENT OF SCIENCE AND TECHNOLOGY,Q,Science Education Institute,,,7599698,0,0,0,7599698
Agency,XXIII.,DEPARTMENT OF SCIENCE AND TECHNOLOGY,R.,Science and Technology Information Institute,,,170271,4365,0,4365,174636
Agency,XXIII.,DEPARTMENT OF SCIENCE AND TECHNOLOGY,S.,Technology Application and Promotion Institute,,,253008,20000,0,20000,273008
Department,XXIV.,DEPARTMENT OF SOCIAL WELFARE AND DEVELOPMENT,,,,,261297201,16117549,-32063000,-15945451,245351750
Agency,XXIV.,DEPARTMENT OF SOCIAL WELFARE AND DEVELOPMENT,A,Office of the Secretary,,,255854857,16074979,-32063000,-15988021,239866836
Agency,XXIV.,DEPARTMENT OF SOCIAL WELFARE AND DEVELOPMENT,B,Council for the Welfare of Children,,,202625,0,0,0,202625
Agency,XXIV.,DEPARTMENT OF SOCIAL WELFARE AND DEVELOPMENT,C.,Juvenile Justice and Welfare Council,,,133058,0,0,0,133058
Agency,XXIV.,DEPARTMENT OF SOCIAL WELFARE AND DEVELOPMENT,D.,National Anti-Poverty Commission,,,369393,0,0,0,369393
Agency,XXIV.,DEPARTMENT OF SOCIAL WELFARE AND DEVELOPMENT,E,National Authority for Child Care,,,721197,26270,0,26270,747467
Agency,XXIV.,DEPARTMENT OF SOCIAL WELFARE AND DEVELOPMENT,F.,National Commission of Senior Citizens,,,3596953,0,0,0,3596953
Agency,XXIV.,DEPARTMENT OF SOCIAL WELFARE AND DEVELOPMENT,G.,National Council on Disability Affairs,,,170916,16300,0,16300,187216
Agency,XXIV.,DEPARTMENT OF SOCIAL WELFARE AND DEVELOPMENT,H.,Presidential Commission for the Urban Poor,,,248202,0,0,0,248202
Department,XXV.,DEPARTMENT OF TOURISM,,,,,3651214,585747,-78500,507247,4158461
Agency,XXV.,DEPARTMENT OF TOURISM,A,Office of the Secretary,,,3137023,578500,-78500,500000,3637023
Agency,XXV.,DEPARTMENT OF TOURISM,B.,Intramuros Administration,,,155341,6000,0,6000,161341
Agency,XXV.,DEPARTMENT OF TOURISM,C.,National Parks Development Committee,,,315559,1247,0,1247,316806
Agency,XXV.,DEPARTMENT OF TOURISM,D.,Philippine Commission on Sports Scuba Diving,,,43291,0,0,0,43291
Department,XXVI.,DEPARTMENT OF TRADE AND INDUSTRY,,,,,9604643,812000,-475653,336347,9940990
Agency,XXVI.,DEPARTMENT OF TRADE AND INDUSTRY,A,Office of the Secretary,,,6977378,540848,0,540848,7518226
Agency,XXVI.,DEPARTMENT OF TRADE AND INDUSTRY,B.,Board of Investments,,,1041061,0,-475653,-475653,565408
Agency,XXVI.,DEPARTMENT OF TRADE AND INDUSTRY,C.,Construction Industry Authority of the Philippines,,,192832,0,0,0,192832
Agency,XXVI.,DEPARTMENT OF TRADE AND INDUSTRY,D.,Cooperative Development Authority,,,1088844,202000,0,202000,1290844
Agency,XXVI.,DEPARTMENT OF TRADE AND INDUSTRY,E,Design Center of the Philippines,,,200699,69152,0,69152,269851
Agency,XXVI.,DEPARTMENT OF TRADE AND INDUSTRY,F.,Philippine Trade Training Center,,,103829,0,0,0,103829
Department,XXVII.,DEPARTMENT OF TRANSPORTATION,,,,,174436414,16488014,-35301000,-18812986,155623428
Agency,XXVII.,DEPARTMENT OF TRANSPORTATION,A,Office of the Secretary,,,135572488,7770000,-35300000,-27530000,108042488
Agency,XXVII.,DEPARTMENT OF TRANSPORTATION,B.,Civil Aeronautics Board,,,262380,0,0,0,262380
Agency,XXVII.,DEPARTMENT OF TRANSPORTATION,C.,Maritime Industry Authority,,,1447423,30045,0,30045,1477468
Agency,XXVII.,DEPARTMENT OF TRANSPORTATION,D.,Office of Transportation Cooperatives,,,47304,0,0,0,47304
Agency,XXVII.,DEPARTMENT OF TRANSPORTATION,E,Office for Transportation Security,,,1156862,0,0,0,1156862
Agency,XXVII.,DEPARTMENT OF TRANSPORTATION,F.,Philippine Coast Guard,,,35871307,8687969,-1000,8686969,44558276
Agency,XXVII.,DEPARTMENT OF TRANSPORTATION,G,Toll Regulatory Board,,,78650,0,0,0,78650
Department,XXVIII.,PRESIDENTIAL COMMUNICATIONS OFFICE,,,,,2455915,0,0,0,2455915
Agency,XXVIII.,PRESIDENTIAL COMMUNICATIONS OFFICE,A,Presidential Communications Office (Proper),,,953935,0,0,0,953935
Agency,XXVIII.,PRESIDENTIAL COMMUNICATIONS OFFICE,B.,Bureau of Communications Services,,,95698,0,0,0,95698
Agency,XXVIII.,PRESIDENTIAL COMMUNICATIONS OFFICE,C.,National Printing Office,,,19628,0,0,0,19628
Agency,XXVIII.,PRESIDENTIAL COMMUNICATIONS OFFICE,D.,News and Information Bureau,,,153604,0,0,0,153604
Agency,XXVIII.,PRESIDENTIAL COMMUNICATIONS OFFICE,E.,Philippine Information Agency,,,501594,0,0,0,501594
Agency,XXVIII.,PRESIDENTIAL COMMUNICATIONS OFFICE,F,Presidential Broadcast Service-Bureau of Broadcast Services,,,484337,0,0,0,484337
Agency,XXVIII.,PRESIDENTIAL COMMUNICATIONS OFFICE,G,Presidential Broadcast Staff (RTVM),,,247119,0,0,0,247119
Department,XXIX.,OTHER EXECUTIVE OFFICES,,,,,71167067,13806437,-2747530,11058907,82225974
Agency,XXIX.,OTHER EXECUTIVE OFFICES,A,Anti-Money Laundering Council,,,170161,162941,0,162941,333102
Agency,XXIX.,OTHER EXECUTIVE OFFICES,B.,Anti-Red Tape Authority,,,478301,132610,0,132610,610911
Agency,XXIX.,OTHER EXECUTIVE OFFICES,C.,Climate Change Commission,,,183056,110179,0,110179,293235
Agency,XXIX.,OTHER EXECUTIVE OFFICES,D.,Commission on Filipinos Overseas,,,263267,0,0,0,263267
Agency,XXIX.,OTHER EXECUTIVE OFFICES,E,Commission on Higher Education,,,43570310,9153722,-2727746,6425976,49996286
Agency,XXIX.,OTHER EXECUTIVE OFFICES,F.,Commission on the Filipino Language,,,113115,7000,0,7000,120115
Agency,XXIX.,OTHER EXECUTIVE OFFICES,G.,Dangerous Drugs Board,,,490085,0,0,0,490085
Agency,XXIX.,OTHER EXECUTIVE OFFICES,H.,Energy Regulatory Commission,,,877895,25600,0,25600,903495
Agency,XXIX.,OTHER EXECUTIVE OFFICES,I,Film Development Council of the Philippines,,,308486,58863,0,58863,367349
Agency,XXIX.,OTHER EXECUTIVE OFFICES,J.,Games and Amusements Board,,,151292,0,0,0,151292
Agency,XXIX.,OTHER EXECUTIVE OFFICES,K.,Governance Commission for Government-Owned or Controlled Corporations,,,377079,0,0,0,377079
Agency,XXIX.,OTHER EXECUTIVE OFFICES,L,Marawi Compensation Board,,,1213390,1000000,0,1000000,2213390
Agency,XXIX.,OTHER EXECUTIVE OFFICES,M.,"Metropolitan Baguio City, La Trinidad, Itogon, Sablan, Tuba, and Tublay Development Authority",,,20156,4507,0,4507,24663
Agency,XXIX.,OTHER EXECUTIVE OFFICES,N.,Mindanao Development Authority,,,363409,0,0,0,363409
Agency,XXIX.,OTHER EXECUTIVE OFFICES,O.,Movie and Television Review and Classification Board,,,51997,23291,0,23291,75288
Agency,XXIX.,OTHER EXECUTIVE OFFICES,P.,National Amnesty Commission,,,217544,88000,0,88000,305544
Agency,XXIX.,OTHER EXECUTIVE OFFICES,Q.,National Commission for Culture and the Arts,,,1187774,772849,0,772849,1960623
Sub-Agency,XXIX.,OTHER EXECUTIVE OFFICES,Q.,National Commission for Culture and the Arts,Q.1,National Commission for Culture and the Arts (Proper),134240,641505,0,641505,775745
Sub-Agency,XXIX.,OTHER EXECUTIVE OFFICES,Q.,National Commission for Culture and the Arts,Q.2,National Historical Commission of the Philippines,552113,27500,0,27500,579613
Sub-Agency,XXIX.,OTHER EXECUTIVE OFFICES,Q.,National Commission for Culture and the Arts,Q.3,National Library of the Philippines,255786,45689,0,45689,301475
Sub-Agency,XXIX.,OTHER EXECUTIVE OFFICES,Q.,National Commission for Culture and the Arts,Q.4,National Archives of the Philippines,245635,58155,0,58155,303790
Agency,XXIX.,OTHER EXECUTIVE OFFICES,R.,National Commission on Indigenous Peoples,,,1726625,100000,0,100000,1826625
Agency,XXIX.,OTHER EXECUTIVE OFFICES,S.,National Intelligence Coordinating Agency,,,2798424,0,0,0,2798424
Agency,XXIX.,OTHER EXECUTIVE OFFICES,T.,National Security Council,,,1235019,0,0,0,1235019
Agency,XXIX.,OTHER EXECUTIVE OFFICES,U,"Office of the Presidential Adviser on Peace, Reconciliation and Unity",,,7283437,850000,0,850000,8133437
Agency,XXIX.,OTHER EXECUTIVE OFFICES,V.,Optical Media Board,,,66816,0,-19784,-19784,47032
Agency,XXIX.,OTHER EXECUTIVE OFFICES,W.,Philippine Competition Commission,,,566508,0,0,0,566508
Agency,XXIX.,OTHER EXECUTIVE OFFICES,X.,Philippine Drug Enforcement Agency,,,4345135,26875,0,26875,4372010
Agency,XXIX.,OTHER EXECUTIVE OFFICES,Y.,Philippine Racing Commission,,,199765,0,0,0,199765
Agency,XXIX.,OTHER EXECUTIVE OFFICES,Z,Philippine Space Agency,,,1051900,85000,0,85000,1136900
Agency,XXIX.,OTHER EXECUTIVE OFFICES,AA.,Philippine Sports Commission,,,1001808,1205000,0,1205000,2206808
Agency,XXIX.,OTHER EXECUTIVE OFFICES,AB.,Presidential Management Staff,,,854313,0,0,0,854313
Department,XXX.,THE JUDICIARY,,,,,67227529,1424075,-217141,1206934,68434463
Agency,XXX.,THE JUDICIARY,A,Supreme Court of the Philippines and the Lower Courts,,,57726605,1035479,-217141,818338,58544943
Agency,XXX.,THE JUDICIARY,B,Presidential Electoral Tribunal,,,166802,0,0,0,166802
Agency,XXX.,THE JUDICIARY,C.,Sandiganbayan,,,2513036,164933,0,164933,2677969
Agency,XXX.,THE JUDICIARY,D.,Court of Appeals,,,5726091,223663,0,223663,5949754
Agency,XXX.,THE JUDICIARY,E,Court of Tax Appeals,,,1094995,0,0,0,1094995
Department,XXXI.,CIVIL SERVICE COMMISSION,,,,,4148042,0,0,0,4148042
Agency,XXXI.,CIVIL SERVICE COMMISSION,A,Civil Service Commission,,,4045289,0,0,0,4045289
Agency,XXXI.,CIVIL SERVICE COMMISSION,B,Career Executive Service Board,,,102753,0,0,0,102753
Department,XXXII.,COMMISSION ON AUDIT,,,,,14044887,2370460,0,2370460,16415347
Department,XXXIII.,COMMISSION ON ELECTIONS,,,,,18991340,3803620,-2593936,1209684,20201024
Department,XXXIV.,OFFICE OF THE OMBUDSMAN,,,,,6511251,0,0,0,6511251
Department,XXXV,COMMISSION ON HUMAN RIGHTS,,,,,1357267,0,0,0,1357267
Agency,XXXV,COMMISSION ON HUMAN RIGHTS,A,Commission on Human Rights,,,1294763,0,0,0,1294763
Agency,XXXV,COMMISSION ON HUMAN RIGHTS,B.,Human Rights Violations Victims' Memorial Commission,,,62504,0,0,0,62504
Special Purpose Fund,XXXVI.,BUDGETARY SUPPORT TO GOVERNMENT CORPORATIONS,,,,,238794374,19697865,-17975303,1722562,240516936
Special Purpose Fund,XXXVII.,ALLOCATIONS TO LOCAL GOVERNMENT UNITS,,,,,69838154,20509718,-1050000,19459718,89297872
Special Purpose Fund,XXXVIII.,CONTINGENT FUND,,,,,13000000,0,0,0,13000000
Special Purpose Fund,XXXIX.,MISCELLANEOUS PERSONNEL BENEFITS FUND,,,,,111517037,0,-55029070,-55029070,56487967
Special Purpose Fund,XL,NATIONAL DISASTER RISK REDUCTION AND MANAGEMENT FUND,,,,,29250000,15330000,-510000,14820000,44070000
Special Purpose Fund,XLI,PENSION AND GRATUITY FUND,,,,,197991283,0,-6472522,-6472522,191518761
Special Purpose Fund,XLII.,REVISED AFP MODERNIZATION PROGRAM,,,,,40000000,20000000,0,20000000,60000000
