,NEP/GAB Original,HOR FINAL,Change from NEP to HGAB,% Change,Senate CR,Change from HGAB to Senate CR,% Change,SENATE FINAL,Change from HOR to SENATE,% Change,Auto Appro: RLIP,,,NEP/GAB Original,HOR FINAL,Change from NEP to HGAB,Senate CR,Change from HGAB to Senate CR,SENATE FINAL,Change from HOR to SENATE,Auto Appro: RLIP
TOTAL NEW APPROPRIATIONS,"4,402,808,041,000","4,402,808,041,000",0,,"4,402,808,041,000",0,,"4,402,808,041,000",0,,,,,,,,,,,,
DEPARTMENTS,"3,793,917,650,000","3,702,417,193,000","-91,500,457,000", -2.4%,"3,713,515,470,000","+11,098,277,000",+0.3%,"3,707,916,505,000","+5,499,312,000",+0.1%,,,Nominal GDP,"30,848,048,000,000",,,,,,,
Congress of the Philippines (CONGRESS),"26,398,400,000","37,196,133,000","+10,797,733,000",+40.9%,"38,540,212,000","+1,344,079,000",+3.6%,"38,600,212,000","+1,404,079,000",+3.8%,"830,058,000",,,"2026 Low-end Projection, BESF 2026",,,,,,,
   Senate,"7,520,988,000","7,520,988,000",0,,"8,571,988,000","+1,051,000,000",+14.0%,"8,571,988,000","+1,051,000,000",+14.0%,"246,603,000",,,,,,,,,,
   Senate Electoral Tribunal,"329,888,000","329,888,000",0,,"329,888,000",0,,"389,888,000","+60,000,000",+18.2%,"16,667,000",,EDUCATION SECTOR,"1,059,401,742,000","1,116,039,018,000","+56,637,276,000","1,209,990,734,000","+93,951,716,000","1,203,979,316,000","+87,940,298,000","+87,940,298,000"
   Commission on Appointments,"1,089,444,000","1,387,177,000","+297,733,000",+27.3%,"1,680,256,000","+293,079,000",+21.1%,"1,680,256,000","+293,079,000",+21.1%,"34,249,000",,Department of Education (DepEd),"874,533,107,000","914,144,842,000","+39,611,735,000","992,658,378,000","+78,513,536,000","987,504,355,000","+73,359,513,000","+73,359,513,000"
   House of Representatives,"17,202,099,000","27,702,099,000","+10,500,000,000",+61.0%,"27,702,099,000",0,,"27,702,099,000",0,,"515,617,000",,   Philippine Science High School System,"2,932,965,000","3,054,155,000","+121,190,000","3,468,029,000","+413,874,000","3,468,029,000","+413,874,000","+413,874,000"
   House of Representatives Electoral Tribunal,"255,981,000","255,981,000",0,,"255,981,000",0,,"255,981,000",0,,"16,922,000",,State Universities and Colleges (SUCs),"128,825,247,000","131,685,050,000","+2,859,803,000","140,285,325,000","+8,600,275,000","139,037,115,000","+7,352,065,000","+7,352,065,000"
Office of the President (OP),"27,286,435,000","27,286,435,000",0,,"27,352,635,000","+66,200,000",+0.2%,"28,028,733,000","+742,298,000",+2.7%,"75,440,000",,   Commission on Higher Education,"33,149,787,000","43,570,310,000","+10,420,523,000","48,216,471,000","+4,646,161,000","49,996,286,000","+6,425,976,000","+6,425,976,000"
Office of the Vice-President (OVP),"889,236,000","733,198,000","-156,038,000", -17.5%,"889,236,000","+156,038,000",+21.3%,"889,236,000","+156,038,000",+21.3%,"13,659,000",,   Technical Education and Skills Development Authority,"19,960,636,000","23,584,661,000","+3,624,025,000","25,362,531,000","+1,777,870,000","23,973,531,000","+388,870,000","+388,870,000"
Department of Agrarian Reform (DAR),"16,083,499,000","16,718,499,000","+635,000,000",+3.9%,"16,918,499,000","+200,000,000",+1.2%,"16,918,499,000","+200,000,000",+1.2%,"533,463,000",,,,,,,,,,
Department of Agriculture (DA),"153,185,875,000","180,285,190,000","+27,099,315,000",+17.7%,"159,226,881,000","-21,058,309,000", -11.7%,"159,026,079,000","-21,259,111,000", -11.8%,"588,479,000",,OTHERS,"8,882,551,000","8,882,551,000",,"8,887,051,000",,"8,887,051,000",,
   Office of the Secretary,"134,939,315,000","162,033,630,000","+27,094,315,000",+20.1%,"140,023,321,000","-22,010,309,000", -13.6%,"138,801,378,000","-23,232,252,000", -14.3%,"404,565,000",,DILG - Local Government Academy,"540,347,000","540,347,000",,"544,847,000",,"544,847,000",,
   Agricultural Credit Policy Council,"2,864,121,000","2,864,121,000",0,,"3,364,121,000","+500,000,000",+17.5%,"3,114,121,000","+250,000,000",+8.7%,"3,893,000",,DILG - PNP Academy,"136,721,000","136,721,000",,"136,721,000",,"136,721,000",,
   Bureau of Fisheries and Aquatic Resources,"11,157,420,000","11,162,420,000","+5,000,000",+0.0%,"11,614,420,000","+452,000,000",+4.0%,"11,764,420,000","+602,000,000",+5.4%,"96,088,000",,DND - Philippine Military Academy,"1,735,139,000","1,735,139,000",,"1,735,139,000",,"1,735,139,000",,
   Fertilizer and Pesticide Authority,"423,233,000","423,233,000",0,,"423,233,000",0,,"423,233,000",0,,"11,090,000",,,,,,,,,,
   National Meat Inspection Service,"677,494,000","677,494,000",0,,"677,494,000",0,,"677,494,000",0,,"21,487,000",,DILG - Early Childhood Care Development Council,"356,793,000","356,793,000",,"356,793,000",,"356,793,000",,
   Philippine Carabao Center,"959,337,000","959,337,000",0,,"959,337,000",0,,"2,080,478,000","+1,121,141,000",+116.9%,"11,337,000",,DSWD - Supplemental Feeding Sub-program,"6,113,551,000","6,113,551,000",,"6,113,551,000",,"6,113,551,000",,
   Philippine Center For Postharvest Development and Mechanization,"479,892,000","479,892,000",0,,"479,892,000",0,,"479,892,000",0,,"9,008,000",,,,,,,,,,
   Philippine Fiber Industry Development Authority,"677,148,000","677,148,000",0,,"677,148,000",0,,"677,148,000",0,,"17,623,000",,LGUs - Special Education Fund,"66,861,110,000","66,861,110,000",,"66,861,110,000",,"66,861,110,000",,* BESF F2
   Philippine Council for Agriculture and Fisheries,"264,404,000","264,404,000",0,,"264,404,000",0,,"264,404,000",0,,"6,698,000",,"BARMM - Ministry of Basic, Higher and Technical Education","25,650,000,000","25,650,000,000",,"25,650,000,000",,"25,650,000,000",,** estimated based on 2024 budget
   National Fisheries Research and Development Institute,"743,511,000","743,511,000",0,,"743,511,000",0,,"743,511,000",0,,"6,690,000",,,,,,,,,,
Department of Budget and Management (DBM),"3,464,394,000","3,464,394,000",0,,"3,464,394,000",0,,"3,464,394,000",0,,"104,740,000",,Education as % of GDP,3.43%,3.62%,,3.92%,,3.90%,,
   Office of the Secretary,"3,282,641,000","3,282,641,000",0,,"3,282,641,000",0,,"3,282,641,000",0,,"100,302,000",,With RLIP,3.72%,3.90%,,4.21%,,4.19%,,
   Government Procurement Policy Board-Technical Support Office,"181,753,000","181,753,000",0,,"181,753,000",0,,"181,753,000",0,,"4,438,000",,With OTHERS,3.75%,3.93%,,4.24%,,4.22%,,
Department of Education (DepEd),"874,533,107,000","914,144,842,000","+39,611,735,000",+4.5%,"992,658,378,000","+78,513,536,000",+8.6%,"987,504,355,000","+73,359,513,000",+8.0%,"53,986,051,000",,With LGUs and BARMM,4.05%,4.23%,,4.54%,,4.52%,,
   Office of the Secretary,"872,887,143,000","912,498,878,000","+39,611,735,000",+4.5%,"990,165,861,000","+77,666,983,000",+8.5%,"984,876,838,000","+72,377,960,000",+7.9%,"53,942,498,000",,,,,,,,,,
   National Book Development Board,"152,057,000","152,057,000",0,,"202,057,000","+50,000,000",+32.9%,"202,057,000","+50,000,000",+32.9%,"4,514,000",,,,,,,,,,
   National Council for Children's Television,"71,264,000","71,264,000",0,,"116,264,000","+45,000,000",+63.1%,"116,264,000","+45,000,000",+63.1%,"1,324,000",,HEALTH SECTOR,"313,787,326,000","403,277,653,000","+89,490,327,000","391,034,632,000","-12,243,021,000","397,034,742,000","-6,242,911,000","-13,163,131,000"
   National Museum of the Philippines,"811,964,000","811,964,000",0,,"851,964,000","+40,000,000",+4.9%,"986,964,000","+175,000,000",+21.6%,"29,023,000",,Department of Health (DOH),"253,838,769,000","283,179,096,000","+29,340,327,000","263,215,855,000","-19,963,241,000","270,015,965,000","-13,163,131,000","-13,163,131,000"
   Philippine High School for the Arts,"157,231,000","157,231,000",0,,"218,454,000","+61,223,000",+38.9%,"218,454,000","+61,223,000",+38.9%,"3,506,000",,BSGC - DOH,,,,,,,,
   National Academy of Sports,"246,377,000","246,377,000",0,,"540,887,000","+294,510,000",+119.5%,"540,887,000","+294,510,000",+119.5%,"4,763,000",,   Lung Center of the Philippines,"918,790,000","918,790,000",0,"2,948,790,000","+2,030,000,000","2,748,790,000","+1,830,000,000",
   Teacher Education Council,"207,071,000","207,071,000",0,,"562,891,000","+355,820,000",+171.8%,"562,891,000","+355,820,000",+171.8%,"423,000",,   National Kidney and Transplant Institute,"1,512,329,000","1,512,329,000",0,"3,412,329,000","+1,900,000,000","3,212,329,000","+1,700,000,000",
State Universities and Colleges (SUCs),"128,825,247,000","131,685,050,000","+2,859,803,000",+2.2%,"140,285,325,000","+8,600,275,000",+6.5%,"139,037,115,000","+7,352,065,000",+5.6%,"6,165,758,000",,   Philippine Children's Medical Center,"1,657,594,000","1,807,594,000","+150,000,000","3,702,594,000","+1,895,000,000","3,502,594,000","+1,695,000,000",
Department of Energy (DOE),"2,368,715,000","2,996,211,000","+627,496,000",+26.5%,"2,996,211,000",0,,"2,996,211,000",0,,"74,622,000",,   Philippine Health Insurance Corporation,"53,261,930,000","113,261,930,000","+60,000,000,000","113,261,930,000",0,"113,261,930,000",0,
Department of Environment and Natural Resources (DENR),"28,102,122,000","28,466,122,000","+364,000,000",+1.3%,"27,208,273,000","-1,257,849,000", -4.4%,"27,446,678,000","-1,019,444,000", -3.6%,"978,524,000",,   Philippine Heart Center,"2,423,665,000","2,423,665,000",0,"4,286,715,000","+1,863,050,000","4,086,715,000","+1,663,050,000",
   Office of the Secretary,"20,543,218,000","20,813,218,000","+270,000,000",+1.3%,"19,531,134,000","-1,282,084,000", -6.2%,"19,709,539,000","-1,103,679,000", -5.3%,"747,753,000",,   Philippine Institute of Traditional and Alternative Health Care,"174,249,000","174,249,000",0,"206,419,000","+32,170,000","206,419,000","+32,170,000",
   Environmental Management Bureau,"3,310,856,000","3,404,856,000","+94,000,000",+2.8%,"3,404,856,000",0,,"3,464,856,000","+60,000,000",+1.8%,"104,197,000",,,,,,,,,,
   Mines and Geosciences Bureau,"1,836,411,000","1,836,411,000",0,,"1,846,411,000","+10,000,000",+0.5%,"1,846,411,000","+10,000,000",+0.5%,"76,180,000",,Health as % of GDP,1.02%,1.31%,,1.27%,,1.29%,,
   National Mapping and Resource Information Authority,"1,968,993,000","1,968,993,000",0,,"1,983,228,000","+14,235,000",+0.7%,"1,983,228,000","+14,235,000",+0.7%,"36,919,000",,With RLIP,0.97%,1.26%,,1.22%,,1.24%,,
   National Water Resources Board,"294,405,000","294,405,000",0,,"294,405,000",0,,"294,405,000",0,,"7,548,000",,,,,,,,,,
   Palawan Council for Sustainable Development Staff,"148,239,000","148,239,000",0,,"148,239,000",0,,"148,239,000",0,,"5,927,000",,,,,,,,,,
Department of Finance (DOF),"30,667,662,000","31,001,345,000","+333,683,000",+1.1%,"32,259,518,000","+1,258,173,000",+4.1%,"32,259,518,000","+1,258,173,000",+4.1%,"1,269,768,000",,LABOR + SOCIAL PROTECTION,"285,839,502,000","338,640,302,000","+52,800,800,000","301,263,474,000","-37,376,828,000","317,472,021,000","-21,168,281,000","-22,935,281,000"
   Office of the Secretary,"1,210,634,000","1,278,317,000","+67,683,000",+5.6%,"1,278,317,000",0,,"1,278,317,000",0,,"42,281,000",,Department of Social Welfare and Development (DSWD),"223,202,248,000","261,297,201,000","+38,094,953,000","230,016,703,000","-31,280,498,000","245,351,750,000","-15,945,451,000","-15,945,451,000"
   Bureau of Customs,"5,296,907,000","5,462,907,000","+166,000,000",+3.1%,"5,721,080,000","+258,173,000",+4.7%,"5,721,080,000","+258,173,000",+4.7%,"196,037,000",,Department of Labor and Employment (DOLE),"44,381,905,000","58,142,930,000","+13,761,025,000","49,883,800,000","-8,259,130,000","50,819,800,000","-7,323,130,000","-7,323,130,000"
   Bureau of Internal Revenue,"18,238,111,000","18,338,111,000","+100,000,000",+0.5%,"18,338,111,000",0,,"18,338,111,000",0,,"916,732,000",,Department of Migrant Workers (DMW),"9,476,826,000","9,776,826,000","+300,000,000","11,476,826,000","+1,700,000,000","11,076,826,000","+1,300,000,000","+1,300,000,000"
   Bureau of Local Government Finance,"974,023,000","974,023,000",0,,"974,023,000",0,,"974,023,000",0,,"22,176,000",,Department of Human Settlements and Urban Development (DHSUD),"3,090,467,000","3,090,467,000",0,"1,947,267,000","-1,143,200,000","1,947,267,000","-1,143,200,000","-1,143,200,000"
   Bureau of the Treasury,"4,650,643,000","4,650,643,000",0,,"5,650,643,000","+1,000,000,000",+21.5%,"5,650,643,000","+1,000,000,000",+21.5%,"50,346,000",,BGSC - DHSUD,,,,,,,,
   Central Board of Assessment Appeals,"17,119,000","17,119,000",0,,"17,119,000",0,,"17,119,000",0,,"1,216,000",,   National Home Mortgage Finance Corporations,"450,000","450,000",0,0,"-450,000",0,"-450,000",
   Insurance Commission,"6,000","6,000",0,,"6,000",0,,"6,000",0,,"32,645,000",,   National Housing Authority,"2,200,000,000","2,794,822,000","+594,822,000","4,372,272,000","+1,577,450,000","4,562,272,000","+1,767,450,000",
   National Tax Research Center,"145,616,000","145,616,000",0,,"145,616,000",0,,"145,616,000",0,,"8,335,000",,   Social Housing Finance Corporation,"166,080,000","166,080,000",0,"166,080,000",0,"166,080,000",0,
   Privatization and Management Office,"134,603,000","134,603,000",0,,"134,603,000",0,,"134,603,000",0,,0,,Department of the Interior and Local Government (DILG),,,,,,,,
Department of Foreign Affairs (DFA),"29,807,959,000","29,807,959,000",0,,"29,836,959,000","+29,000,000",+0.1%,"29,876,959,000","+69,000,000",+0.2%,"280,971,000",,   National Commission on Muslim Filipinos (Office on Muslim Affairs),"1,166,103,000","1,166,103,000",0,"1,166,103,000",0,"1,313,603,000","+147,500,000","+147,500,000"
   Office of the Secretary,"29,505,863,000","29,500,263,000","-5,600,000", -0.0%,"29,529,263,000","+29,000,000",+0.1%,"29,569,263,000","+69,000,000",+0.2%,"274,362,000",,   National Youth Commission,"315,469,000","315,469,000",0,"315,469,000",0,"315,469,000",0,0
   Foreign Service Institute,"167,547,000","173,147,000","+5,600,000",+3.3%,"173,147,000",0,,"173,147,000",0,,"5,326,000",,   Philippine Commission on Women (National Commission on the Role of Filipino Women),"175,894,000","175,894,000",0,"204,894,000","+29,000,000","204,894,000","+29,000,000","+29,000,000"
   Technical Cooperation Council of the Philippines,"31,560,000","31,560,000",0,,"31,560,000",0,,"31,560,000",0,,"177,000",,   Early Childhood Care and Development Council,"356,793,000","356,793,000",0,"356,793,000",0,"356,793,000",0,0
   UNESCO National Commission of the Philippines,"51,414,000","51,414,000",0,,"51,414,000",0,,"51,414,000",0,,"1,106,000",,Commission on Human Rights (CHR),"1,307,267,000","1,357,267,000","+50,000,000","1,357,267,000",0,"1,357,267,000",0,0
   Presidential Commission on Visiting Forces,"51,575,000","51,575,000",0,,"51,575,000",0,,"51,575,000",0,,0,,,,,,,,,,
Department of Health (DOH),"253,838,769,000","283,179,096,000","+29,340,327,000",+11.6%,"263,215,855,000","-19,963,241,000", -7.0%,"270,015,965,000","-13,163,131,000", -4.6%,"5,961,573,000",,Labor + Social Protection as % of GDP,0.93%,1.10%,,0.98%,,1.03%,,
   Office of the Secretary,"253,471,019,000","282,811,346,000","+29,340,327,000",+11.6%,"262,848,105,000","-19,963,241,000", -7.1%,"269,648,215,000","-13,163,131,000", -4.7%,"5,951,977,000",,With RLIP,0.85%,1.02%,,0.90%,,0.95%,,
   National Nutrition Council,"304,546,000","304,546,000",0,,"304,546,000",0,,"304,546,000",0,,"7,210,000",,,,,,,,,,
   Philippine National AIDS Council,"63,204,000","63,204,000",0,,"63,204,000",0,,"63,204,000",0,,"2,386,000",,,,,,,,,,
Department of Human Settlements and Urban Development (DHSUD),"3,090,467,000","3,090,467,000",0,,"1,947,267,000","-1,143,200,000", -37.0%,"1,947,267,000","-1,143,200,000", -37.0%,"106,001,000",,AGRICULTURE & AGRARIAN REFORM,"236,542,300,000","290,296,978,000","+53,754,678,000","255,806,744,000","-34,490,234,000","258,263,919,000","-32,033,059,000","-21,059,111,000"
   Office of the Secretary,"2,563,550,000","2,563,550,000",0,,"1,420,350,000","-1,143,200,000", -44.6%,"1,420,350,000","-1,143,200,000", -44.6%,"73,164,000",,Department of Agrarian Reform (DAR),"16,083,499,000","16,718,499,000","+635,000,000","16,918,499,000","+200,000,000","16,918,499,000","+200,000,000","+200,000,000"
   Human Settlements Adjudication Commission,"526,917,000","526,917,000",0,,"526,917,000",0,,"526,917,000",0,,"32,837,000",,Department of Agriculture (DA),"153,185,875,000","180,285,190,000","+27,099,315,000","159,226,881,000","-21,058,309,000","159,026,079,000","-21,259,111,000","-21,259,111,000"
Department of Information and Communications Technology (DICT),"13,795,566,000","14,691,023,000","+895,457,000",+6.5%,"13,025,027,000","-1,665,996,000", -11.3%,"14,883,890,000","+192,867,000",+1.3%,"116,907,000",,BSGC - DA,,,,,,,,
   Office of the Secretary,"12,261,924,000","12,961,924,000","+700,000,000",+5.7%,"11,411,924,000","-1,550,000,000", -12.0%,"13,270,787,000","+308,863,000",+2.4%,"71,041,000",,   National Irrigation Administration,"45,066,230,000","63,328,357,000","+18,262,127,000","54,789,668,000","-8,538,689,000","56,099,668,000","-7,228,689,000",
   National Telecommunications Commission,"646,993,000","726,454,000","+79,461,000",+12.3%,"726,454,000",0,,"726,454,000",0,,"28,891,000",,   National Dairy Authority,"531,016,000","531,016,000",0,"531,016,000",0,"2,378,993,000","+1,847,977,000",
   National Privacy Commission,"428,866,000","428,866,000",0,,"428,866,000",0,,"428,866,000",0,,"11,670,000",,   National Food Authority,"11,176,528,000","15,484,764,000","+4,308,236,000","11,291,528,000","-4,193,236,000","11,291,528,000","-4,193,236,000",
   Cybercrime Investigation and Coordination Center,"457,783,000","573,779,000","+115,996,000",+25.3%,"457,783,000","-115,996,000", -20.2%,"457,783,000","-115,996,000", -20.2%,"5,305,000",,   Philippine Coconut Authority,"1,919,320,000","1,919,320,000",0,"1,919,320,000",0,"1,919,320,000",0,
Department of the Interior and Local Government (DILG),"285,472,810,000","285,634,492,000","+161,682,000",+0.1%,"308,239,334,000","+22,604,842,000",+7.9%,"310,083,834,000","+24,449,342,000",+8.6%,"1,008,010,000",,   Philippine Crop Insurance Corporation,"4,500,000,000","5,500,000,000","+1,000,000,000","7,000,000,000","+1,500,000,000","6,500,000,000","+1,000,000,000",
   Office of the Secretary,"8,549,126,000","8,549,126,000",0,,"8,549,126,000",0,,"9,549,126,000","+1,000,000,000",+11.7%,"395,859,000",,   Philippine Fisheries Development Authority,"2,100,000,000","4,530,000,000","+2,430,000,000","2,130,000,000","-2,400,000,000","2,130,000,000","-2,400,000,000",
   Bureau of Fire Protection,"31,714,026,000","31,714,026,000",0,,"36,234,156,000","+4,520,130,000",+14.3%,"36,234,156,000","+4,520,130,000",+14.3%,"15,729,000",,   Philippine Rice Research Institute,"979,832,000","979,832,000",0,"979,832,000",0,"979,832,000",0,
   Bureau of Jail Management and Penology,"29,253,153,000","29,253,153,000",0,,"31,323,731,000","+2,070,578,000",+7.1%,"31,323,731,000","+2,070,578,000",+7.1%,"4,938,000",,   Sugar Regulatory Administration,"1,000,000,000","1,020,000,000","+20,000,000","1,020,000,000",0,"1,020,000,000",0,
   Local Government Academy,"540,347,000","540,347,000",0,,"544,847,000","+4,500,000",+0.8%,"544,847,000","+4,500,000",+0.8%,"3,929,000",,,,,,,,,,
   National Police Commission,"2,464,605,000","2,464,605,000",0,,"2,465,656,000","+1,051,000",+0.0%,"2,465,656,000","+1,051,000",+0.0%,"92,161,000",,Agriculture + AR as % of GDP,0.77%,0.94%,,0.83%,,0.84%,,
   Philippine National Police,"209,743,606,000","209,905,288,000","+161,682,000",+0.1%,"225,843,071,000","+15,937,783,000",+7.6%,"226,540,071,000","+16,634,783,000",+7.9%,"405,386,000",,With RLIP,0.70%,0.87%,,0.76%,,0.77%,,
   Philippine Public Safety College,"1,193,688,000","1,193,688,000",0,,"1,235,488,000","+41,800,000",+3.5%,"1,235,488,000","+41,800,000",+3.5%,"11,288,000",,,,,,,,,,
   National Commission on Muslim Filipinos (Office on Muslim Affairs),"1,166,103,000","1,166,103,000",0,,"1,166,103,000",0,,"1,313,603,000","+147,500,000",+12.6%,"65,195,000",,,,,,,,,,
   National Youth Commission,"315,469,000","315,469,000",0,,"315,469,000",0,,"315,469,000",0,,"8,241,000",,"DEFENSE, SECURITY, AND PUBLIC ORDER","661,890,707,000","668,260,683,000","+6,369,976,000","698,305,019,000","+30,044,336,000","700,397,585,000","+32,136,902,000","9,587,721,000"
   Philippine Commission on Women (National Commission on the Role of Filipino Women),"175,894,000","175,894,000",0,,"204,894,000","+29,000,000",+16.5%,"204,894,000","+29,000,000",+16.5%,"4,981,000",,Department of National Defense (DND),"295,176,537,000","299,422,690,000","+4,246,153,000","305,506,593,000","+6,083,903,000","305,872,697,000","+6,450,007,000","4,123,602,000"
   Early Childhood Care and Development Council,"356,793,000","356,793,000",0,,"356,793,000",0,,"356,793,000",0,,"303,000",,DILG,,,,,,,,
Department of Justice (DOJ),"40,949,107,000","41,464,238,000","+515,131,000",+1.3%,"43,025,968,000","+1,561,730,000",+3.8%,"44,137,527,000","+2,673,289,000",+6.4%,"1,151,738,000",,   Philippine National Police,"209,743,606,000","209,905,288,000","+161,682,000","225,843,071,000","+15,937,783,000","226,540,071,000","+16,634,783,000","405,386,000"
   Office of the Secretary,"10,512,892,000","10,805,023,000","+292,131,000",+2.8%,"11,457,645,000","+652,622,000",+6.0%,"12,207,645,000","+1,402,622,000",+13.0%,"331,386,000",,   National Police Commission,"2,464,605,000","2,464,605,000",0,"2,465,656,000","+1,051,000","2,465,656,000","+1,051,000","92,161,000"
   Bureau of Corrections,"10,080,878,000","10,230,878,000","+150,000,000",+1.5%,"10,869,946,000","+639,068,000",+6.2%,"10,869,946,000","+639,068,000",+6.2%,"11,681,000",,   Bureau of Jail Management and Penology,"29,253,153,000","29,253,153,000",0,"31,323,731,000","+2,070,578,000","31,323,731,000","+2,070,578,000","4,938,000"
   Bureau of Immigration,"5,255,705,000","5,255,705,000",0,,"5,388,497,000","+132,792,000",+2.5%,"5,750,056,000","+494,351,000",+9.4%,"127,479,000",,   Bureau of Fire Protection,"31,714,026,000","31,714,026,000",0,"36,234,156,000","+4,520,130,000","36,234,156,000","+4,520,130,000","1,015,729,000"
   Land Registration Authority,"1,361,033,000","1,361,033,000",0,,"1,361,033,000",0,,"1,361,033,000",0,,"101,577,000",,DOJ,,,,,,,,
   National Bureau of Investigation,"3,637,617,000","3,687,617,000","+50,000,000",+1.4%,"3,807,617,000","+120,000,000",+3.3%,"3,807,617,000","+120,000,000",+3.3%,"107,004,000",,   National Bureau of Investigation,"3,637,617,000","3,687,617,000","+50,000,000","3,807,617,000","+120,000,000","3,807,617,000","+120,000,000","107,004,000"
   Office of the Government Corporate Counsel,"304,017,000","304,017,000",0,,"304,017,000",0,,"304,017,000",0,,"12,639,000",,   Bureau of Corrections,"10,080,878,000","10,230,878,000","+150,000,000","10,869,946,000","+639,068,000","10,869,946,000","+639,068,000","11,681,000"
   Office of the Solicitor General,"1,742,446,000","1,742,446,000",0,,"1,759,694,000","+17,248,000",+1.0%,"1,759,694,000","+17,248,000",+1.0%,"92,020,000",,   Parole and Probation Administration,"1,203,908,000","1,226,908,000","+23,000,000","1,226,908,000",0,"1,226,908,000",0,"73,226,000"
   Parole and Probation Administration,"1,203,908,000","1,226,908,000","+23,000,000",+1.9%,"1,226,908,000",0,,"1,226,908,000",0,,"73,726,000",,   Bureau of Immigration,"5,255,705,000","5,255,705,000",0,"5,388,497,000","+132,792,000","5,750,056,000","+494,351,000","127,479,000"
   Presidential Commission on Good Government,"275,252,000","275,252,000",0,,"275,252,000",0,,"275,252,000",0,,"10,670,000",,   Land Registration Authority,"1,361,033,000","1,361,033,000",0,"1,361,033,000",0,"1,361,033,000",0,"1,522,870,000"
   Public Attorney's Office,"6,414,778,000","6,414,778,000",0,,"6,414,778,000",0,,"6,414,778,000",0,,"278,015,000",,Office of the Ombudsman (OMB),"6,231,251,000","6,511,251,000","+280,000,000","6,511,251,000",0,"6,511,251,000",0,"159,158,000"
   Office for Alternative Dispute Resolution,"160,581,000","160,581,000",0,,"160,581,000",0,,"160,581,000",0,,"5,541,000",,The Judiciary (JUD),"65,768,388,000","67,227,529,000","+1,459,141,000","67,766,560,000","+539,031,000","68,434,463,000","+1,206,934,000","1,944,487,000"
Department of Labor and Employment (DOLE),"44,381,905,000","58,142,930,000","+13,761,025,000",+31.0%,"49,883,800,000","-8,259,130,000", -14.2%,"50,819,800,000","-7,323,130,000", -12.6%,"636,840,000",,,,,,,,,,
   Office of the Secretary,"19,290,466,000","29,427,466,000","+10,137,000,000",+52.5%,"19,390,466,000","-10,037,000,000", -34.1%,"21,715,466,000","-7,712,000,000", -26.2%,"164,838,000",,SPF : Revised AFP Modernization Program,"40,000,000,000","40,000,000,000",,"60,000,000,000",,"60,000,000,000",,
   Institute for Labor Studies,"77,904,000","77,904,000",0,,"77,904,000",0,,"77,904,000",0,,"3,465,000",,UA : Revised AFP Modernization Program,"50,000,000,000","50,000,000,000",,"30,000,000,000",,"30,000,000,000",,
   National Conciliation and Mediation Board,"371,162,000","371,162,000",0,,"371,162,000",0,,"371,162,000",0,,"17,414,000",,,,,,,,,,
   National Labor Relations Commission,"1,803,038,000","1,803,038,000",0,,"1,803,038,000",0,,"1,803,038,000",0,,"84,979,000",,"Defense, Security, and Public Order as % of GDP",2.15%,2.17%,,2.26%,,2.27%,,
   National Wages and Productivity Commission,"357,063,000","357,063,000",0,,"357,063,000",0,,"357,063,000",0,,"16,788,000",,With Automatic Appropriations,2.18%,2.20%,,2.29%,,2.30%,,
   Professional Regulation Commission,"2,521,636,000","2,521,636,000",0,,"2,521,636,000",0,,"2,521,636,000",0,,"67,630,000",,With Programmed AFP Modernization,2.31%,2.33%,,2.49%,,2.50%,,
   Technical Education and Skills Development Authority,"19,960,636,000","23,584,661,000","+3,624,025,000",+18.2%,"25,362,531,000","+1,777,870,000",+7.5%,"23,973,531,000","+388,870,000",+1.6%,"281,726,000",,With Unprogrammed AFP Modernization,2.47%,2.49%,,2.59%,,2.59%,,
Department of Migrant Workers (DMW),"9,476,826,000","9,776,826,000","+300,000,000",+3.2%,"11,476,826,000","+1,700,000,000",+17.4%,"11,076,826,000","+1,300,000,000",+13.3%,"144,362,000",,,,,,,,,,
   Office of the Secretary,"6,026,573,000","6,026,573,000",0,,"7,226,573,000","+1,200,000,000",+19.9%,"6,826,573,000","+800,000,000",+13.3%,"109,257,000",,,,,,,,,,
   Overseas Workers Welfare Administration,"3,450,253,000","3,750,253,000","+300,000,000",+8.7%,"4,250,253,000","+500,000,000",+13.3%,"4,250,253,000","+500,000,000",+13.3%,"35,105,000",,,,,,,,,,
Department of National Defense (DND),"295,176,537,000","299,422,690,000","+4,246,153,000",+1.4%,"305,506,593,000","+6,083,903,000",+2.0%,"305,872,697,000","+6,450,007,000",+2.2%,"493,902,000",,,,,,,,,,
   Office of the Secretary - Proper,"2,341,215,000","2,341,215,000",0,,"2,341,215,000",0,,"2,353,995,000","+12,780,000",+0.5%,"23,264,000",,,,,,,,,,
   Government Arsenal,"2,354,998,000","2,716,998,000","+362,000,000",+15.4%,"2,873,405,000","+156,407,000",+5.8%,"2,873,405,000","+156,407,000",+5.8%,"19,996,000",,,,,,,,,,
   National Defense College of the Philippines,"310,011,000","310,011,000",0,,"310,011,000",0,,"310,011,000",0,,"3,869,000",,,,,,,,,,
   Office of Civil Defense,"2,561,769,000","2,561,769,000",0,,"2,638,769,000","+77,000,000",+3.0%,"2,638,769,000","+77,000,000",+3.0%,"39,350,000",,,,,,,,,,
   Philippine Veterans Affairs Office (PVAO) - Proper,"1,525,447,000","1,525,447,000",0,,"1,625,447,000","+100,000,000",+6.6%,"1,525,447,000",0,,"16,023,000",,,,,,,,,,
   Veterans Memorial Medical Center,"3,137,246,000","3,387,246,000","+250,000,000",+8.0%,"4,967,246,000","+1,580,000,000",+46.6%,"3,687,246,000","+300,000,000",+8.9%,"103,324,000",,,,,,,,,,
   Philippine Army ( Land Forces ),"142,032,930,000","142,766,244,000","+733,314,000",+0.5%,"145,158,444,000","+2,392,200,000",+1.7%,"145,161,444,000","+2,395,200,000",+1.7%,"50,615,000",,,,,,,,,,
   Philippine Air Force ( Air Forces ),"59,078,720,000","59,357,152,000","+278,432,000",+0.5%,"60,634,248,000","+1,277,096,000",+2.2%,"60,634,248,000","+1,277,096,000",+2.2%,"56,088,000",,,,,,,,,,
   Philippine Navy ( Naval Forces ),"59,376,463,000","59,548,870,000","+172,407,000",+0.3%,"59,929,070,000","+380,200,000",+0.6%,"59,929,370,000","+380,500,000",+0.6%,"53,338,000",,,,,,,,,,
"   General Headquarters, AFP and AFP-Wide Service Support Units (AFPWSSUs)","22,457,738,000","24,907,738,000","+2,450,000,000",+10.9%,"25,028,738,000","+121,000,000",+0.5%,"26,758,762,000","+1,851,024,000",+7.4%,"128,035,000",,,,,,,,,,
Department of Public Works and Highways (DPWH),"880,008,893,000","624,480,842,000","-255,528,051,000", -29.0%,"568,561,171,000","-55,919,671,000", -9.0%,"570,486,618,000","-53,994,224,000", -8.6%,"1,266,139,000",,,,,,,,,,
Department of Science and Technology (DOST),"30,009,056,000","30,130,246,000","+121,190,000",+0.4%,"31,483,918,000","+1,353,672,000",+4.5%,"31,743,918,000","+1,613,672,000",+5.4%,"380,449,000",,,,,,,,,,
   Office of the Secretary,"7,923,129,000","7,923,129,000",0,,"7,923,129,000",0,,"8,123,129,000","+200,000,000",+2.5%,"81,751,000",,,,,,,,,,
   Advanced Science and Technology Institute,"400,849,000","400,849,000",0,,"400,849,000",0,,"400,849,000",0,,"6,319,000",,,,,,,,,,
   Food and Nutrition Research Institute,"1,127,241,000","1,127,241,000",0,,"1,127,241,000",0,,"1,127,241,000",0,,"11,268,000",,,,,,,,,,
   Forest Products Research and Development Institute,"263,463,000","263,463,000",0,,"286,634,000","+23,171,000",+8.8%,"286,634,000","+23,171,000",+8.8%,"10,808,000",,,,,,,,,,
   Industrial Technology Development Institute,"585,922,000","585,922,000",0,,"585,922,000",0,,"585,922,000",0,,"20,390,000",,,,,,,,,,
   Metals Industry Research and Development Center,"303,255,000","303,255,000",0,,"303,255,000",0,,"303,255,000",0,,"13,532,000",,,,,,,,,,
   National Academy of Science and Technology,"171,242,000","171,242,000",0,,"171,242,000",0,,"171,242,000",0,,"1,550,000",,,,,,,,,,
   National Research Council of the Philippines,"255,523,000","255,523,000",0,,"255,523,000",0,,"255,523,000",0,,"2,841,000",,,,,,,,,,
"   Philippine Atmospheric, Geophysical and Astronomical Services Administration","2,127,780,000","2,127,780,000",0,,"2,838,780,000","+711,000,000",+33.4%,"2,838,780,000","+711,000,000",+33.4%,"46,788,000",,,,,,,,,,
"   Philippine Council for Agriculture, Aquatic and Natural Resources Research and Development","1,684,721,000","1,684,721,000",0,,"1,685,546,000","+825,000",+0.0%,"1,685,546,000","+825,000",+0.0%,"14,488,000",,,,,,,,,,
   Philippine Council for Health Research and Development,"905,406,000","905,406,000",0,,"905,406,000",0,,"905,406,000",0,,"4,823,000",,,,,,,,,,
"   Philippine Council for Industry, Energy and Emerging Technology Research and Development (PCIEERD)","1,080,106,000","1,080,106,000",0,,"1,126,506,000","+46,400,000",+4.3%,"1,126,506,000","+46,400,000",+4.3%,"5,869,000",,,,,,,,,,
   Philippine Institute of Volcanology and Seismology,"975,496,000","975,496,000",0,,"1,057,033,000","+81,537,000",+8.4%,"1,057,033,000","+81,537,000",+8.4%,"12,285,000",,,,,,,,,,
   Philippine Nuclear Research Institute,"887,981,000","887,981,000",0,,"887,981,000",0,,"887,981,000",0,,"15,543,000",,,,,,,,,,
   Philippine Science High School System,"2,932,965,000","3,054,155,000","+121,190,000",+4.1%,"3,468,029,000","+413,874,000",+13.6%,"3,468,029,000","+413,874,000",+13.6%,"113,156,000",,,,,,,,,,
   Philippine Textile Research Institute,"361,000,000","361,000,000",0,,"413,500,000","+52,500,000",+14.5%,"473,500,000","+112,500,000",+31.2%,"4,926,000",,,,,,,,,,
   Science Education Institute,"7,599,698,000","7,599,698,000",0,,"7,599,698,000",0,,"7,599,698,000",0,,"4,584,000",,,,,,,,,,
   Science and Technology Information Institute,"170,271,000","170,271,000",0,,"174,636,000","+4,365,000",+2.6%,"174,636,000","+4,365,000",+2.6%,"4,355,000",,,,,,,,,,
   Technology Application and Promotion Institute,"253,008,000","253,008,000",0,,"273,008,000","+20,000,000",+7.9%,"273,008,000","+20,000,000",+7.9%,"5,173,000",,,,,,,,,,
Department of Social Welfare and Development (DSWD),"223,202,248,000","261,297,201,000","+38,094,953,000",+17.1%,"230,016,703,000","-31,280,498,000", -12.0%,"245,351,750,000","-15,945,451,000", -6.1%,"256,537,000",,,,,,,,,,
   Office of the Secretary,"221,356,857,000","255,854,857,000","+34,498,000,000",+15.6%,"224,531,789,000","-31,323,068,000", -12.2%,"239,866,836,000","-15,988,021,000", -6.2%,"185,408,000",,,,,,,,,,
   Council for the Welfare of Children,"202,625,000","202,625,000",0,,"202,625,000",0,,"202,625,000",0,,"4,317,000",,,,,,,,,,
   National Council on Disability Affairs,"170,916,000","170,916,000",0,,"187,216,000","+16,300,000",+9.5%,"187,216,000","+16,300,000",+9.5%,"3,463,000",,,,,,,,,,
   Juvenile Justice and Welfare Council,"133,058,000","133,058,000",0,,"133,058,000",0,,"133,058,000",0,,"4,539,000",,,,,,,,,,
   National Anti-Poverty Commission,"369,393,000","369,393,000",0,,"369,393,000",0,,"369,393,000",0,,"5,880,000",,,,,,,,,,
   Presidential Commission for the Urban Poor,"248,202,000","248,202,000",0,,"248,202,000",0,,"248,202,000",0,,"10,722,000",,,,,,,,,,
   National Authority for Child Care,"721,197,000","721,197,000",0,,"747,467,000","+26,270,000",+3.6%,"747,467,000","+26,270,000",+3.6%,"28,043,000",,,,,,,,,,
   National Commission of Senior Citizens,,"3,596,953,000","+3,596,953,000",,"3,596,953,000",0,,"3,596,953,000",0,,"14,165,000",,,,,,,,,,
Department of Tourism (DOT),"3,651,214,000","3,651,214,000",0,,"4,158,461,000","+507,247,000",+13.9%,"4,158,461,000","+507,247,000",+13.9%,"62,503,000",,,,,,,,,,
   Office of the Secretary,"3,137,023,000","3,137,023,000",0,,"3,637,023,000","+500,000,000",+15.9%,"3,637,023,000","+500,000,000",+15.9%,"51,426,000",,,,,,,,,,
   Intramuros Administration,"155,341,000","155,341,000",0,,"161,341,000","+6,000,000",+3.9%,"161,341,000","+6,000,000",+3.9%,"4,039,000",,,,,,,,,,
   National Parks Development Committee,"315,559,000","315,559,000",0,,"316,806,000","+1,247,000",+0.4%,"316,806,000","+1,247,000",+0.4%,"5,420,000",,,,,,,,,,
   Philippine Commission on Sports Scuba Diving,"43,291,000","43,291,000",0,,"43,291,000",0,,"43,291,000",0,,"1,618,000",,,,,,,,,,
Department of Trade and Industry (DTI),"9,604,643,000","9,604,643,000",0,,"9,785,142,000","+180,499,000",+1.9%,"9,940,990,000","+336,347,000",+3.5%,"273,827,000",,,,,,,,,,
   Office of the Secretary,"6,977,378,000","6,977,378,000",0,,"7,424,378,000","+447,000,000",+6.4%,"7,518,226,000","+540,848,000",+7.8%,"185,413,000",,,,,,,,,,
   Board of Investments,"1,041,061,000","1,041,061,000",0,,"565,408,000","-475,653,000", -45.7%,"565,408,000","-475,653,000", -45.7%,"18,471,000",,,,,,,,,,
   Philippine Trade Training Center,"103,829,000","103,829,000",0,,"103,829,000",0,,"103,829,000",0,,"3,609,000",,,,,,,,,,
   Design Center of the Philippines,"200,699,000","200,699,000",0,,"269,851,000","+69,152,000",+34.5%,"269,851,000","+69,152,000",+34.5%,"6,410,000",,,,,,,,,,
   Construction Industry Authority of the Philippines (CIAP),"192,832,000","192,832,000",0,,"192,832,000",0,,"192,832,000",0,,"8,051,000",,,,,,,,,,
   Cooperative Development Authority,"1,088,844,000","1,088,844,000",0,,"1,228,844,000","+140,000,000",+12.9%,"1,290,844,000","+202,000,000",+18.6%,"51,873,000",,,,,,,,,,
Department of Transportation (DOTr),"196,272,796,000","174,436,414,000","-21,836,382,000", -11.1%,"189,289,281,000","+14,852,867,000",+8.5%,"155,623,428,000","-18,812,986,000", -10.8%,"361,734,000",,,,,,,,,,
   Office of the Secretary,"157,962,950,000","135,572,488,000","-22,390,462,000", -14.2%,"141,708,341,000","+6,135,853,000",+4.5%,"108,042,488,000","-27,530,000,000", -20.3%,"261,409,000",,,,,,,,,,
   Civil Aeronautics Board,"262,380,000","262,380,000",0,,"262,380,000",0,,"262,380,000",0,,"7,840,000",,,,,,,,,,
   Maritime Industry Authority (MARINA),"1,381,183,000","1,447,423,000","+66,240,000",+4.8%,"1,477,468,000","+30,045,000",+2.1%,"1,477,468,000","+30,045,000",+2.1%,"49,466,000",,,,,,,,,,
   Office of Transportation Cooperatives,"47,304,000","47,304,000",0,,"47,304,000",0,,"47,304,000",0,,"2,692,000",,,,,,,,,,
   Office for Transportation Security,"1,156,862,000","1,156,862,000",0,,"1,156,862,000",0,,"1,156,862,000",0,,"24,441,000",,,,,,,,,,
   Philippine Coast Guard,"35,383,467,000","35,871,307,000","+487,840,000",+1.4%,"44,558,276,000","+8,686,969,000",+24.2%,"44,558,276,000","+8,686,969,000",+24.2%,"13,366,000",,,,,,,,,,
   Toll Regulatory Board,"78,650,000","78,650,000",0,,"78,650,000",0,,"78,650,000",0,,"2,520,000",,,,,,,,,,
"Department of Economy, Planning, and Development (DEPDev)","13,726,195,000","13,726,195,000",0,,"13,976,262,000","+250,067,000",+1.8%,"13,976,262,000","+250,067,000",+1.8%,"321,078,000",,,,,,,,,,
   Office of the Secretary,"2,706,733,000","2,706,733,000",0,,"2,706,733,000",0,,"2,706,733,000",0,,"103,797,000",,,,,,,,,,
   Philippine National Volunteer Service Coordinating Agency,"39,011,000","39,011,000",0,,"39,011,000",0,,"39,011,000",0,,"1,969,000",,,,,,,,,,
   Public-Private Partnership Center of the Philippines,"1,168,111,000","1,168,111,000",0,,"1,168,111,000",0,,"1,168,111,000",0,,"13,694,000",,,,,,,,,,
   Philippine Statistical Research and Training Institute (formerly Statistical Research and Training Center),"152,320,000","152,320,000",0,,"152,320,000",0,,"152,320,000",0,,"3,617,000",,,,,,,,,,
   Tariff Commission,"124,680,000","124,680,000",0,,"124,680,000",0,,"124,680,000",0,,"6,633,000",,,,,,,,,,
   Philippine Statistics Authority,"8,838,921,000","8,838,921,000",0,,"9,088,988,000","+250,067,000",+2.8%,"9,088,988,000","+250,067,000",+2.8%,"172,246,000",,,,,,,,,,
   Commission on Population and Development,"696,419,000","696,419,000",0,,"696,419,000",0,,"696,419,000",0,,"19,122,000",,,,,,,,,,
Presidential Communications Office (PCO),"2,455,915,000","2,455,915,000",0,,"2,455,915,000",0,,"2,455,915,000",0,,"94,033,000",,,,,,,,,,
   Presidential Communications Office (Proper),"953,935,000","953,935,000",0,,"953,935,000",0,,"953,935,000",0,,"18,085,000",,,,,,,,,,
   Presidential Broadcast Service-Bureau of Broadcast Services,"484,337,000","484,337,000",0,,"484,337,000",0,,"484,337,000",0,,"28,198,000",,,,,,,,,,
   Bureau of Communications Services,"95,698,000","95,698,000",0,,"95,698,000",0,,"95,698,000",0,,"3,850,000",,,,,,,,,,
   National Printing Office,"19,628,000","19,628,000",0,,"19,628,000",0,,"19,628,000",0,,"1,365,000",,,,,,,,,,
   News and Information Bureau,"153,604,000","153,604,000",0,,"153,604,000",0,,"153,604,000",0,,"9,547,000",,,,,,,,,,
   Philippine Information Agency,"501,594,000","501,594,000",0,,"501,594,000",0,,"501,594,000",0,,"25,892,000",,,,,,,,,,
   Presidential Broadcast Staff (RTVM),"247,119,000","247,119,000",0,,"247,119,000",0,,"247,119,000",0,,"7,096,000",,,,,,,,,,
Other Executive Offices (OEOs),"64,333,497,000","71,167,067,000","+6,833,570,000",+10.6%,"80,280,168,000","+9,113,101,000",+12.8%,"82,225,974,000","+11,058,907,000",+15.5%,"636,761,000",,,,,,,,,,
   Anti-Money Laundering Council,"170,161,000","170,161,000",0,,"333,102,000","+162,941,000",+95.8%,"333,102,000","+162,941,000",+95.8%,0,,,,,,,,,,
   Climate Change Commission,"183,056,000","183,056,000",0,,"268,235,000","+85,179,000",+46.5%,"293,235,000","+110,179,000",+60.2%,"5,578,000",,,,,,,,,,
   Commission on Filipinos Overseas,"263,267,000","263,267,000",0,,"263,267,000",0,,"263,267,000",0,,"7,023,000",,,,,,,,,,
   Commission on Higher Education,"33,149,787,000","43,570,310,000","+10,420,523,000",+31.4%,"48,216,471,000","+4,646,161,000",+10.7%,"49,996,286,000","+6,425,976,000",+14.7%,"48,521,000",,,,,,,,,,
   Commission on the Filipino Language,"113,115,000","113,115,000",0,,"120,115,000","+7,000,000",+6.2%,"120,115,000","+7,000,000",+6.2%,"4,786,000",,,,,,,,,,
   Dangerous Drugs Board,"490,085,000","490,085,000",0,,"490,085,000",0,,"490,085,000",0,,"8,085,000",,,,,,,,,,
   Energy Regulatory Commission,"877,895,000","877,895,000",0,,"903,495,000","+25,600,000",+2.9%,"903,495,000","+25,600,000",+2.9%,"27,756,000",,,,,,,,,,
   Film Development Council of the Philippines,"308,486,000","308,486,000",0,,"367,349,000","+58,863,000",+19.1%,"367,349,000","+58,863,000",+19.1%,"2,713,000",,,,,,,,,,
   Games and Amusements Board,"151,292,000","151,292,000",0,,"151,292,000",0,,"151,292,000",0,,"7,836,000",,,,,,,,,,
   Governance Commission for Government-Owned or Controlled Corporations,"377,079,000","377,079,000",0,,"377,079,000",0,,"377,079,000",0,,"17,470,000",,,,,,,,,,
   Mindanao Development Authority,"363,409,000","363,409,000",0,,"363,409,000",0,,"363,409,000",0,,"11,624,000",,,,,,,,,,
   Movie and Television Review and Classification Board,"51,997,000","51,997,000",0,,"75,288,000","+23,291,000",+44.8%,"75,288,000","+23,291,000",+44.8%,"3,602,000",,,,,,,,,,
   National Commission for Culture and the Arts-Proper,"134,240,000","134,240,000",0,,"685,745,000","+551,505,000",+410.8%,"775,745,000","+641,505,000",+477.9%,"3,737,000",,,,,,,,,,
   National Historical Commission of the Philippines,"552,113,000","552,113,000",0,,"579,613,000","+27,500,000",+5.0%,"579,613,000","+27,500,000",+5.0%,"10,059,000",,,,,,,,,,
   National Library of the Philippines,"255,786,000","255,786,000",0,,"301,475,000","+45,689,000",+17.9%,"301,475,000","+45,689,000",+17.9%,"8,261,000",,,,,,,,,,
   National Archives of the Philippines,"245,635,000","245,635,000",0,,"248,790,000","+3,155,000",+1.3%,"303,790,000","+58,155,000",+23.7%,"7,865,000",,,,,,,,,,
   National Commission on Indigenous Peoples,"1,726,625,000","1,726,625,000",0,,"1,726,625,000",0,,"1,826,625,000","+100,000,000",+5.8%,"86,032,000",,,,,,,,,,
   National Intelligence Coordinating Agency,"2,798,424,000","2,798,424,000",0,,"2,798,424,000",0,,"2,798,424,000",0,,"62,591,000",,,,,,,,,,
   National Security Council,"1,235,019,000","1,235,019,000",0,,"1,235,019,000",0,,"1,235,019,000",0,,"12,874,000",,,,,,,,,,
"   Office of the Presidential Adviser on Peace, Reconciliation and Unity","7,283,437,000","7,283,437,000",0,,"8,983,437,000","+1,700,000,000",+23.3%,"8,133,437,000","+850,000,000",+11.7%,0,,,,,,,,,,
   Optical Media Board,"66,816,000","66,816,000",0,,"47,032,000","-19,784,000", -29.6%,"47,032,000","-19,784,000", -29.6%,"3,029,000",,,,,,,,,,
   Philippine Drug Enforcement Agency,"4,345,135,000","4,345,135,000",0,,"4,372,010,000","+26,875,000",+0.6%,"4,372,010,000","+26,875,000",+0.6%,"186,422,000",,,,,,,,,,
   Philippine Racing Commission,"199,765,000","199,765,000",0,,"199,765,000",0,,"199,765,000",0,,"4,690,000",,,,,,,,,,
   Philippine Sports Commission,"1,001,808,000","1,001,808,000",0,,"1,551,808,000","+550,000,000",+54.9%,"2,206,808,000","+1,205,000,000",+120.3%,"8,033,000",,,,,,,,,,
   Presidential Legislative Liaison Office,0,0,0,,0,0,#DIV/0!,0,0,#DIV/0!,0,,,,,,,,,,
   Presidential Management Staff,"854,313,000","854,313,000",0,,"854,313,000",0,,"854,313,000",0,,"28,260,000",,,,,,,,,,
   Philippine Competition Commission,"566,508,000","566,508,000",0,,"566,508,000",0,,"566,508,000",0,,"21,118,000",,,,,,,,,,
   Anti-Red Tape Authority,"478,301,000","478,301,000",0,,"519,920,000","+41,619,000",+8.7%,"610,911,000","+132,610,000",+27.7%,"18,469,000",,,,,,,,,,
   Philippine Space Agency,"1,051,900,000","1,051,900,000",0,,"1,136,900,000","+85,000,000",+8.1%,"1,136,900,000","+85,000,000",+8.1%,"14,903,000",,,,,,,,,,
   National Commission of Senior Citizens,"3,586,953,000",0,"-3,586,953,000", -100.0%,0,0,#DIV/0!,0,0,#DIV/0!,0,,,,,,,,,,
   Marawi Compensation Board,"1,213,390,000","1,213,390,000",0,,"2,213,390,000","+1,000,000,000",+82.4%,"2,213,390,000","+1,000,000,000",+82.4%,"15,108,000",,,,,,,,,,
"   Metropolitan Baguio City, La Trinidad, Itogon, Sablan, Tuba, and Tublay Development Authority","20,156,000","20,156,000",0,,"24,663,000","+4,507,000",+22.4%,"24,663,000","+4,507,000",+22.4%,"316,000",,,,,,,,,,
   National Amnesty Commission,"217,544,000","217,544,000",0,,"305,544,000","+88,000,000",+40.5%,"305,544,000","+88,000,000",+40.5%,0,,,,,,,,,,
The Judiciary (JUD),"65,768,388,000","67,227,529,000","+1,459,141,000",+2.2%,"67,766,560,000","+539,031,000",+0.8%,"68,434,463,000","+1,206,934,000",+1.8%,"2,176,406,000",,,,,,,,,,
   Supreme Court of the Philippines and the Lower Courts,"56,609,464,000","57,726,605,000","+1,117,141,000",+2.0%,"58,100,703,000","+374,098,000",+0.6%,"58,544,943,000","+818,338,000",+1.4%,"1,944,487,000",,,,,,,,,,
   Presidential Electoral Tribunal,"164,802,000","166,802,000","+2,000,000",+1.2%,"166,802,000",0,,"166,802,000",0,,"13,067,000",,,,,,,,,,
   Sandiganbayan,"2,333,036,000","2,513,036,000","+180,000,000",+7.7%,"2,677,969,000","+164,933,000",+6.6%,"2,677,969,000","+164,933,000",+6.6%,"44,711,000",,,,,,,,,,
   Court of Appeals,"5,646,091,000","5,726,091,000","+80,000,000",+1.4%,"5,726,091,000",0,,"5,949,754,000","+223,663,000",+3.9%,"142,200,000",,,,,,,,,,
   Court of Tax Appeals,"1,014,995,000","1,094,995,000","+80,000,000",+7.9%,"1,094,995,000",0,,"1,094,995,000",0,,"31,941,000",,,,,,,,,,
Civil Service Commission (CSC),"4,148,042,000","4,148,042,000",0,,"4,148,042,000",0,,"4,148,042,000",0,,"146,808,000",,,,,,,,,,
   Civil Service Commission,"4,045,289,000","4,045,289,000",0,,"4,045,289,000",0,,"4,045,289,000",0,,"142,932,000",,,,,,,,,,
   Career Executive Service Board,"102,753,000","102,753,000",0,,"102,753,000",0,,"102,753,000",0,,"3,876,000",,,,,,,,,,
Commission on Audit (COA),"13,878,204,000","14,044,887,000","+166,683,000",+1.2%,"16,776,798,000","+2,731,911,000",+19.5%,"16,415,347,000","+2,370,460,000",+16.9%,"1,195,556,000",,,,,,,,,,
Commission on Elections (COMELEC),"11,525,403,000","18,991,340,000","+7,465,937,000",+64.8%,"18,991,340,000",0,,"20,201,024,000","+1,209,684,000",+6.4%,"322,940,000",,,,,,,,,,
Office of the Ombudsman (OMB),"6,231,251,000","6,511,251,000","+280,000,000",+4.5%,"6,511,251,000",0,,"6,511,251,000",0,,"159,158,000",,,,,,,,,,
Commission on Human Rights (CHR),"1,307,267,000","1,357,267,000","+50,000,000",+3.8%,"1,357,267,000",0,,"1,357,267,000",0,,"54,977,000",,,,,,,,,,
   Commission on Human Rights Proper,"1,244,763,000","1,294,763,000","+50,000,000",+4.0%,"1,294,763,000",0,,"1,294,763,000",0,,"52,711,000",,,,,,,,,,
   Human Rights Violations Victims' Memorial Commission,"62,504,000","62,504,000",0,,"62,504,000",0,,"62,504,000",0,,"2,266,000",,,,,,,,,,
,,,,,,,,,,,,,,,,,,,,,
BUDGETARY SUPPORT TO GOVERNMENT CORPORATIONS,"149,654,189,000","238,794,374,000","+89,140,185,000",+59.6%,"238,607,559,000","-186,815,000", -0.1%,"240,516,936,000","+1,722,562,000",+0.7%,,,,,,,,,,,
Department of Agriculture (DA),"22,206,696,000","29,964,932,000","+7,758,236,000",+34.9%,"24,871,696,000","-5,093,236,000", -17.0%,"26,219,673,000","-3,745,259,000", -12.5%,,,,,,,,,,,
   National Dairy Authority,"531,016,000","531,016,000",0,,"531,016,000",0,,"2,378,993,000","+1,847,977,000",+348.0%,,,,,,,,,,,
   National Food Authority,"11,176,528,000","15,484,764,000","+4,308,236,000",+38.5%,"11,291,528,000","-4,193,236,000", -27.1%,"11,291,528,000","-4,193,236,000", -27.1%,,,,,,,,,,,
   Philippine Coconut Authority,"1,919,320,000","1,919,320,000",0,,"1,919,320,000",0,,"1,919,320,000",0,,,,,,,,,,,,
   Philippine Crop Insurance Corporation,"4,500,000,000","5,500,000,000","+1,000,000,000",+22.2%,"7,000,000,000","+1,500,000,000",+27.3%,"6,500,000,000","+1,000,000,000",+18.2%,,,,,,,,,,,
   Philippine Fisheries Development Authority,"2,100,000,000","4,530,000,000","+2,430,000,000",+115.7%,"2,130,000,000","-2,400,000,000", -53.0%,"2,130,000,000","-2,400,000,000", -53.0%,,,,,,,,,,,
   Philippine Rice Research Institute,"979,832,000","979,832,000",0,,"979,832,000",0,,"979,832,000",0,,,,,,,,,,,,
   Sugar Regulatory Administration,"1,000,000,000","1,020,000,000","+20,000,000",+2.0%,"1,020,000,000",0,,"1,020,000,000",0,,,,,,,,,,,,
"Department of Economy, Planning, and Development (DEPDev)","1,291,488,000","1,291,488,000",0,,"1,669,488,000","+378,000,000",+29.3%,"1,467,988,000","+176,500,000",+13.7%,,,,,,,,,,,
   Development Academy of the Philippines,"923,455,000","923,455,000",0,,"1,051,455,000","+128,000,000",+13.9%,"1,099,955,000","+176,500,000",+19.1%,,,,,,,,,,,
   Philippine Institute for Development Studies,"368,033,000","368,033,000",0,,"618,033,000","+250,000,000",+67.9%,"368,033,000",0,,,,,,,,,,,,
Deparment of Energy (DOE),"8,003,577,000","10,378,577,000","+2,375,000,000",+29.7%,"12,062,577,000","+1,684,000,000",+16.2%,"12,082,577,000","+1,704,000,000",+16.4%,,,,,,,,,,,
   National Electrification Administation,"6,444,200,000","8,819,200,000","+2,375,000,000",+36.9%,"10,114,200,000","+1,295,000,000",+14.7%,"10,134,200,000","+1,315,000,000",+14.9%,,,,,,,,,,,
   National Power Corporation,"1,559,377,000","1,559,377,000",0,,"1,948,377,000","+389,000,000",+24.9%,"1,948,377,000","+389,000,000",+24.9%,,,,,,,,,,,
Department of Environment and Natural Resources (DENR),"236,597,000","236,597,000",0,,"207,047,000","-29,550,000", -12.5%,"207,047,000","-29,550,000", -12.5%,,,,,,,,,,,
   Local Water Utilities Administration,"29,550,000","29,550,000",0,,0,"-29,550,000", -100.0%,0,"-29,550,000", -100.0%,,,,,,,,,,,
   Metropolitan Waterworks and Sewerage System - Regulatory Office,"207,047,000","207,047,000",0,,"207,047,000",0,,"207,047,000",0,,,,,,,,,,,,
Department of Finance (DOF),"58,227,000","58,227,000",0,,"58,227,000",0,,"58,227,000",0,,,,,,,,,,,,
   Philippine Tax Academy,"58,227,000","58,227,000",0,,"58,227,000",0,,"58,227,000",0,,,,,,,,,,,,
Department of Health (DOH),"59,948,557,000","120,098,557,000","+60,150,000,000",+100.3%,"127,818,777,000","+7,720,220,000",+6.4%,"127,018,777,000","+6,920,220,000",+5.8%,,,,,,,,,,,
   Lung Center of the Philippines,"918,790,000","918,790,000",0,,"2,948,790,000","+2,030,000,000",+220.9%,"2,748,790,000","+1,830,000,000",+199.2%,,,,,,,,,,,
   National Kidney and Transplant Institute,"1,512,329,000","1,512,329,000",0,,"3,412,329,000","+1,900,000,000",+125.6%,"3,212,329,000","+1,700,000,000",+112.4%,,,,,,,,,,,
   Philippine Children's Medical Center,"1,657,594,000","1,807,594,000","+150,000,000",+9.0%,"3,702,594,000","+1,895,000,000",+104.8%,"3,502,594,000","+1,695,000,000",+93.8%,,,,,,,,,,,
   Philippine Health Insurance Corporation,"53,261,930,000","113,261,930,000","+60,000,000,000",+112.7%,"113,261,930,000",0,,"113,261,930,000",0,,,,,,,,,,,,
   Philippine Heart Center,"2,423,665,000","2,423,665,000",0,,"4,286,715,000","+1,863,050,000",+76.9%,"4,086,715,000","+1,663,050,000",+68.6%,,,,,,,,,,,
   Philippine Institute of Traditional and Alternative Health Care,"174,249,000","174,249,000",0,,"206,419,000","+32,170,000",+18.5%,"206,419,000","+32,170,000",+18.5%,,,,,,,,,,,
Department of Human Settlements and Urban Development (DHSUD),"2,366,530,000","2,961,352,000","+594,822,000",+25.1%,"4,538,352,000","+1,577,000,000",+53.3%,"4,728,352,000","+1,767,000,000",+59.7%,,,,,,,,,,,
   National Home Mortgage Finance Corporations,"450,000","450,000",0,,0,"-450,000", -100.0%,0,"-450,000", -100.0%,,,,,,,,,,,
   National Housing Authority,"2,200,000,000","2,794,822,000","+594,822,000",+27.0%,"4,372,272,000","+1,577,450,000",+56.4%,"4,562,272,000","+1,767,450,000",+63.2%,,,,,,,,,,,
   Social Housing Finance Corporation,"166,080,000","166,080,000",0,,"166,080,000",0,,"166,080,000",0,,,,,,,,,,,,
Department of Trade and Industry (DTI),"2,473,827,000","2,473,827,000",0,,"2,592,907,000","+119,080,000",+4.8%,"2,592,907,000","+119,080,000",+4.8%,,,,,,,,,,,
   Aurora Pacific Economic Zone and Freeport Authority,"262,455,000","262,455,000",0,,"381,535,000","+119,080,000",+45.4%,"381,535,000","+119,080,000",+45.4%,,,,,,,,,,,
   Center for International Trade Expositions and Missions,"711,372,000","711,372,000",0,,"711,372,000",0,,"711,372,000",0,,,,,,,,,,,,
   Small Business Corporation,"1,500,000,000","1,500,000,000",0,,"1,500,000,000",0,,"1,500,000,000",0,,,,,,,,,,,,
Department of Tourism (DOT),,,,,,,,"276,000,000","+276,000,000",#DIV/0!,,,,,,,,,,,
   Center for International Trade Expositions and Missions,,,,,,,,"248,000,000","+248,000,000",#DIV/0!,,,,,,,,,,,
   Small Business Corporation,,,,,,,,"28,000,000","+28,000,000",#DIV/0!,,,,,,,,,,,
Department of Transportation (DOTr),"1,268,658,000","1,268,658,000",0,,"2,572,518,000","+1,303,860,000",+102.8%,"2,072,518,000","+803,860,000",+63.4%,,,,,,,,,,,
   Light Rail Transit Authority,"917,036,000","917,036,000",0,,"1,220,896,000","+303,860,000",+33.1%,"1,220,896,000","+303,860,000",+33.1%,,,,,,,,,,,
   Philippine National Railways,"351,622,000","351,622,000",0,,"1,351,622,000","+1,000,000,000",+284.4%,"851,622,000","+500,000,000",+142.2%,,,,,,,,,,,
Presidential Communications Office (PCO),"258,764,000","258,764,000",0,,"258,764,000",0,,"258,764,000",0,,,,,,,,,,,,
   Intercontinental Broadcasting Corporation,"122,000,000","122,000,000",0,,"122,000,000",0,,"122,000,000",0,,,,,,,,,,,,
"   People's Television Network, Incorporated","136,764,000","136,764,000",0,,"136,764,000",0,,"136,764,000",0,,,,,,,,,,,,
Other Executive Offices (OEOs),"51,512,662,000","69,774,789,000","+18,262,127,000",+35.5%,"61,928,600,000","-7,846,189,000", -11.2%,"63,505,500,000","-6,269,289,000", -9.0%,,,,,,,,,,,
   Authority of the Freeport Area of Bataan,"250,000,000","250,000,000",0,,"250,000,000",0,,"250,000,000",0,,,,,,,,,,,,
   Bases Conversions and Development Authority,"2,787,175,000","2,787,175,000",0,,"2,787,175,000",0,,"2,787,175,000",0,,,,,,,,,,,,
   Cagayan Economic Zone Authority,"1,095,231,000","1,095,231,000",0,,"1,095,231,000",0,,"1,095,231,000",0,,,,,,,,,,,,
   Cultural Center of the Philippines,"408,617,000","408,617,000",0,,"488,617,000","+80,000,000",+19.6%,"755,517,000","+346,900,000",+84.9%,,,,,,,,,,,
   National Irrigation Administration,"45,066,230,000","63,328,357,000","+18,262,127,000",+40.5%,"54,789,668,000","-8,538,689,000", -13.5%,"56,099,668,000","-7,228,689,000", -11.4%,,,,,,,,,,,
   Philippine Center for Economic Development,"109,264,000","109,264,000",0,,"121,764,000","+12,500,000",+11.4%,"121,764,000","+12,500,000",+11.4%,,,,,,,,,,,
   Philippine Postal Corporation,"858,465,000","858,465,000",0,,"1,383,465,000","+525,000,000",+61.2%,"1,383,465,000","+525,000,000",+61.2%,,,,,,,,,,,
   Southern Philippines Development Authority,"83,029,000","83,029,000",0,,"158,029,000","+75,000,000",+90.3%,"158,029,000","+75,000,000",+90.3%,,,,,,,,,,,
   Subic Bay Metropolitan Authority,"500,000,000","500,000,000",0,,"500,000,000",0,,"500,000,000",0,,,,,,,,,,,,
   Zamboanga City Special Economic Zone Authority,"354,651,000","354,651,000",0,,"354,651,000",0,,"354,651,000",0,,,,,,,,,,,,
BSGC - Others,"28,606,000","28,606,000",0,,"28,606,000",0,,"28,606,000",0,,,,,,,,,,,,
,,,,,,,,,,,,,,,,,,,,,
Allocations to Local Government Units (ALGUs),"65,727,882,000","69,838,154,000","+4,110,272,000",+6.3%,"63,133,514,000","-6,704,640,000", -9.6%,"89,297,872,000","+19,459,718,000",+27.9%,,,,,,,,,,,
   Metropolitan Manila Development Authority,"5,877,103,000","5,877,103,000",0,,"6,977,103,000","+1,100,000,000",+18.7%,"7,477,103,000","+1,600,000,000",+27.2%,,,,,,,,,,,
   Special Shares of LGUs in the Proceeds of National Taxes,"31,724,961,000","31,724,961,000",0,,"31,724,961,000",0,,"31,724,961,000",0,,,,,,,,,,,,
   Local Government Support Fund,"16,080,000,000","20,190,272,000","+4,110,272,000",+25.6%,"12,385,632,000","-7,804,640,000", -38.7%,"38,099,990,000","+17,909,718,000",+88.7%,,,,,,,,,,,
   Special Shares of LGUs in the Proceeds of Fire Code Fees,"1,405,731,000","1,405,731,000",0,,"1,405,731,000",0,,"1,405,731,000",0,,,,,,,,,,,,
   Barangay Officials Death Benefits,"50,000,000","50,000,000",0,,"50,000,000",0,,0,"-50,000,000", -100.0%,,,,,,,,,,,
   Bangsamoro Autonomous Region in Muslim Mindanao (BARMM),"10,590,087,000","10,590,087,000",0,,"10,590,087,000",0,,"10,590,087,000",0,,,,,,,,,,,,
,,,,,,,,,0,#DIV/0!,,,,,,,,,,,
Contingent Fund,"13,000,000,000","13,000,000,000",0,,"13,000,000,000",0,,"13,000,000,000",0,,,,,,,,,,,,
Miscellaneous Personal Benefits Fund,"111,517,037,000","111,517,037,000",0,,"87,820,215,000","-23,696,822,000", -21.2%,"56,487,967,000","-55,029,070,000", -49.3%,,,,,,,,,,,
National Disaster Risk Reduction and Management Fund,"31,000,000,000","29,250,000,000","-1,750,000,000", -5.6%,"28,740,000,000","-510,000,000", -1.7%,"44,070,000,000","+14,820,000,000",+50.7%,,,,,,,,,,,
Pension and Gratuity Fund,"197,991,283,000","197,991,283,000",0,,"197,991,283,000",0,,"191,518,761,000","-6,472,522,000", -3.3%,,,,,,,,,,,
Revised AFP Modernization Program,"40,000,000,000","40,000,000,000",0,,"60,000,000,000","+20,000,000,000",+50.0%,"60,000,000,000","+20,000,000,000",+50.0%,,,,,,,,,,,
,,,,,,,,,0,#DIV/0!,,,,,,,,,,,
Unprogrammed Appropriations,"249,989,309,000","243,222,549,000","-6,766,760,000", -2.7%,"174,555,540,000","-68,667,009,000", -28.2%,"174,555,540,000","-68,667,009,000", -28.2%,,,,,,,,,,,